Price,Adj Close,Close,High,Low,Open,Volume
Ticker,XOM,XOM,XOM,XOM,XOM,XOM
Date,Adj Close,Close,High,Low,Open,Volume
23/08/2021,46.08195877,54.90999985,55.06000137,53.95000076,53.95000076,21632600
24/08/2021,46.45962143,55.36000061,55.84999847,55.00999832,55.29000092,17915600
25/08/2021,46.54354095,55.45999908,55.77000046,54.86999893,55.24000168,13270300
26/08/2021,45.91411972,54.70999908,55.54000092,54.63000107,55.20000076,11842600
27/08/2021,46.80370331,55.77000046,56.20999908,55.40000153,55.40000153,15822500
30/08/2021,46.29177475,55.15999985,56.34000015,55.11999893,56.24000168,14086100
31/08/2021,45.75466156,54.52000046,55.31000137,54.45999908,54.93000031,27104100
01/09/2021,45.12523651,53.77000046,54.75999832,53.59999847,54.49000168,21644100
02/09/2021,46.22463608,55.08000183,55.63999939,54.27000046,54.29000092,23293300
03/09/2021,46.04839706,54.86999893,55.31999969,54.59999847,55.11999893,13840000
07/09/2021,45.77983856,54.54999924,55.27000046,54.47000122,54.66999817,14354400
08/09/2021,45.36023331,54.04999924,55.18000031,54.00999832,54.79000092,18756700
09/09/2021,45.39379501,54.09000015,55,53.29999924,53.61999893,19110800
10/09/2021,45.30148697,53.97999954,55.22999954,53.95000076,55.18999863,15123700
13/09/2021,46.46801376,55.36999893,55.93000031,54.61999893,54.65000153,22052300
14/09/2021,45.80503082,54.58000183,55.77000046,54.40999985,55.68999863,19940300
15/09/2021,47.34919739,56.41999817,56.52999878,55.31000137,55.36999893,23240900
16/09/2021,46.84566116,55.81999969,56.45999908,55.5,56.45999908,17907200
17/09/2021,46.29177475,55.15999985,56.75,55.09999847,55.34000015,30000400
20/09/2021,45.05810547,53.68999863,54.16999817,52.95999908,53.77999878,27555100
21/09/2021,45.01613998,53.63999939,54.50999832,53.25,54.36999893,19696800
22/09/2021,46.33372879,55.20999908,55.90999985,54.36999893,54.43000031,25690600
23/09/2021,47.90308762,57.08000183,57.24000168,55.27999878,55.41999817,23069400
24/09/2021,48.33110046,57.59000015,57.81999969,56.68000031,56.70000076,22328600
27/09/2021,49.76616287,59.29999924,59.79999924,58.81999969,58.84999847,32972200
28/09/2021,50.28649521,59.91999817,60.47999954,59.50999832,59.90000153,37619300
29/09/2021,50.25292587,59.88000107,60.18999863,59.04999924,59.84000015,23422800
30/09/2021,49.3633461,58.81999969,60.16999817,58.81000137,60.11999893,31289600
01/10/2021,51.13411331,60.93000031,60.99000168,59.40999985,59.40999985,24407300
04/10/2021,51.79709625,61.72000122,62.06999969,60.95000076,61.31999969,33946700
05/10/2021,51.71317673,61.61999893,62.70000076,61.02000046,62.52000046,29641600
06/10/2021,50.7648468,60.49000168,61.11999893,59.75,60.47000122,25284900
07/10/2021,50.90751266,60.65999985,61.08000183,60.13999939,60.61000061,19513600
08/10/2021,52.1831398,62.18000031,62.41999817,61.25,61.25,22186900
11/10/2021,51.66282654,61.56000137,63.06000137,61.5,63.02999878,22121500
12/10/2021,51.39427185,61.24000168,61.97999954,60.84999847,61.56999969,20198600
13/10/2021,51.25160599,61.06999969,61.38999939,60.20999908,60.77999878,14991700
14/10/2021,52.03207779,62,62.22000122,61.16999817,61.70999908,18594500
15/10/2021,52.52723312,62.59000015,63.06999969,62.43999863,62.72999954,16092600
18/10/2021,52.50204468,62.56000137,63.13999939,62.27000046,63.09000015,18282800
19/10/2021,53.29092026,63.5,63.61000061,62.66999817,62.86999893,18933200
20/10/2021,53.58465195,63.84999847,63.86999893,62.72000122,62.88999939,14305200
21/10/2021,52.61115265,62.68999863,63.63999939,62.34999847,63.47000122,16564600
22/10/2021,52.9720192,63.11999893,63.22000122,62.34999847,62.77000046,14266800
25/10/2021,54.00426865,64.34999847,64.41999817,63.58000183,63.72000122,17939800
26/10/2021,55.25471497,65.83999634,65.94000244,64.36000061,64.48999786,25585100
27/10/2021,53.81964111,64.12999725,65.25,63.97999954,65.16000366,21764500
28/10/2021,53.97069168,64.30999756,64.47000122,63.63000107,63.81999969,16626400
29/10/2021,54.10497284,64.47000122,65.36000061,64.33000183,65.05000305,23966300
01/11/2021,55.07848358,65.62999725,66.08000183,65.01999664,65.06999969,19656400
02/11/2021,54.39870453,64.81999969,65.44999695,64.66000366,65.02999878,16300000
03/11/2021,53.65179825,63.93000031,64.44999695,63.65999985,64.04000092,17372800
04/11/2021,54.05463028,64.41000366,64.88999939,63.83000183,64.68000031,17720100
05/11/2021,54.56654739,65.01999664,65.33000183,64.55999756,65.05000305,18565100
08/11/2021,55.15400696,65.72000122,66.37999725,65.37999725,65.55000305,17696000
09/11/2021,55.69112396,66.36000061,66.37000275,65.30999756,65.76999664,18781300
10/11/2021,54.59395599,64.19000244,65.65000153,63.77000046,65.31999969,20177200
11/11/2021,54.69602203,64.30999756,64.83000183,64.01999664,64.19000244,13319300
12/11/2021,54.27927399,63.81999969,64.37000275,63.58000183,63.95999908,18158900
15/11/2021,54.74705887,64.37000275,64.76999664,63.22000122,63.75999832,18849200
16/11/2021,55.2998848,65.01999664,65.37000275,64.33999634,64.33999634,17028700
17/11/2021,54.69602203,64.30999756,65.23999786,64.18000031,64.37999725,15497000
18/11/2021,54.10066605,63.61000061,64.52999878,63.11000061,64.16000366,16948200
19/11/2021,51.60018539,60.66999817,62.02999878,60.40999985,61.88999939,32035500
22/11/2021,52.3146019,61.50999832,62.54000092,60.31999969,60.31999969,21994400
23/11/2021,53.6924324,63.13000107,63.38000107,61.91999817,62.18999863,21185900
24/11/2021,53.99010468,63.47999954,63.84999847,62.58000183,62.58000183,15869700
26/11/2021,52.09347153,61.25,61.41999817,59.54000092,60.52000046,24979600
29/11/2021,52.38264847,61.59000015,63.13999939,61.29000092,62.56999969,18946400
30/11/2021,50.89426804,59.84000015,61.18999863,59.65999985,60.45999908,34979800
01/12/2021,50.85174561,59.79000092,62.02999878,59.75,60.90000153,30630600
02/12/2021,52.11899567,61.27999878,61.58000183,59.13999939,59.74000168,29216000
03/12/2021,51.7872963,60.88999939,62.22999954,60.34999847,61.91999817,22014700
06/12/2021,52.37414169,61.58000183,62.15999985,61.41999817,61.72000122,19210500
07/12/2021,52.96098709,62.27000046,63.02999878,62.09999847,62.34000015,19800400
08/12/2021,53.11407852,62.45000076,63.18999863,62.34000015,62.61000061,18214400
09/12/2021,53.25016785,62.61000061,62.77000046,61.81000137,62.04999924,16910300
10/12/2021,53.59036255,63.00999832,63.34999847,62.22999954,63.27000046,17942400
13/12/2021,52.41667557,61.63000107,62.72000122,61.34999847,62.47000122,17793700
14/12/2021,52.34012604,61.54000092,62.47000122,61.22000122,61.25999832,22551100
15/12/2021,52.11048889,61.27000046,61.5,60.00999832,61.18999863,19961900
16/12/2021,52.19553375,61.36999893,62.45000076,61.29999924,61.43999863,21187800
17/12/2021,51.05586624,60.02999878,61.27999878,59.68999863,60.95000076,44338100
20/12/2021,50.31592178,59.15999985,59.25,57.95999908,58.79000092,21819300
21/12/2021,51.45560074,60.5,60.68000031,59.72000122,59.75,19798900
22/12/2021,51.87234497,60.99000168,61.36999893,59.97000122,60.34000015,14058300
23/12/2021,51.89786148,61.02000046,61.84000015,61,61.16999817,13543300
27/12/2021,52.63779831,61.88999939,61.95000076,60.41999817,60.93000031,12593700
28/12/2021,52.46769714,61.68999863,62.31000137,61.40000153,61.90999985,12781000
29/12/2021,52.00842285,61.15000153,61.59999847,60.91999817,61.47999954,12733600
30/12/2021,51.70223999,60.79000092,61.59999847,60.77000046,61.22000122,11940300
31/12/2021,52.04244232,61.18999863,61.47000122,60.70000076,60.74000168,14072000
03/01/2022,54.04114532,63.54000092,63.59999847,61.20999908,61.24000168,24282400
04/01/2022,56.07383728,65.93000031,66.19000244,64.09999847,64.12999725,38584000
05/01/2022,56.77126694,66.75,67.61000061,66.48000336,66.5,34033300
06/01/2022,58.10654068,68.31999969,68.48000336,67.06999969,68,30668500
07/01/2022,58.58283234,68.87999725,69.18000031,67.98000336,68.51999664,23985400
10/01/2022,58.23413086,68.47000122,69.16999817,67.94999695,68.97000122,22760300
11/01/2022,60.68358231,71.34999847,71.40000153,68.58000183,68.88999939,32936100
12/01/2022,60.50498199,71.13999939,71.80999756,70.63999939,71.13999939,23045100
13/01/2022,60.07121658,70.62999725,71.58000183,70.30999756,71.12000275,21043200
14/01/2022,61.12585449,71.87000275,72.15000153,70.59999847,70.65000153,23012900
18/01/2022,62.15496445,73.08000183,73.87999725,72.01000214,72.81999969,32841200
19/01/2022,62.18048859,73.11000061,73.86000061,72.55000305,73.75,26431600
20/01/2022,62.31655121,73.26999664,74.37000275,72.26000214,72.5,26774600
21/01/2022,61.38100433,72.16999817,73.18000031,71.04000092,73.18000031,35995200
24/01/2022,61.90832901,72.79000092,73.08000183,69.80999756,70.87999725,41507000
25/01/2022,63.728405,74.93000031,75.23999786,71.38999939,72.58999634,39278400
26/01/2022,63.08200836,74.16999817,76,73.48999786,75.43000031,35252400
27/01/2022,63.88998795,75.12000275,76.01000214,73.98999786,75.45999908,29174700
28/01/2022,64.02606201,75.27999878,75.62000275,73.94999695,74.97000122,30595700
31/01/2022,64.60441589,75.95999908,76.41999817,74.26999664,74.97000122,36085500
01/02/2022,68.7463913,80.83000183,81.51000214,76.26999664,76.44999695,61033100
02/02/2022,68.56777954,80.62000275,80.80999756,79.15000153,80.05999756,30299300
03/02/2022,67.76831055,79.68000031,80.30999756,79.01999664,80.08999634,28529400
04/02/2022,69.23967743,81.41000366,82.52999878,80.87000275,80.87000275,32197500
07/02/2022,70.07316589,82.38999939,83.08000183,80.63999939,81.13999939,34949200
08/02/2022,68.26159668,80.26000214,82.5,79.91999817,82.26999664,34356300
09/02/2022,67.93480682,79,80.02999878,78.70999908,79.58000183,40106100
10/02/2022,67.28125,78.23999786,79.68000031,77.79000092,78.72000122,28527700
11/02/2022,68.9753418,80.20999908,80.31999969,78.23000336,78.62000275,42002100
14/02/2022,67.9176178,78.98000336,79.83999634,77.05000305,79.58000183,34652800
15/02/2022,67.06626129,77.98999786,78.19000244,76.41999817,76.90000153,25075100
16/02/2022,67.37586212,78.34999847,79.73000336,78.04000092,78.79000092,21733800
17/02/2022,67.27267456,78.23000336,79.12000275,77.94999695,78.48000336,23738800
18/02/2022,66.52452087,77.36000061,78.16999817,76.88999939,77.16000366,23394800
22/02/2022,65.75060272,76.45999908,79.79000092,75.30999756,79.66999817,35947800
23/02/2022,66.01715851,76.76999664,77.47000122,76.12999725,76.45999908,25385000
24/02/2022,65.18302917,75.80000305,79.02999878,74.02999878,79,46199900
25/02/2022,66.93727112,77.83999634,77.98999786,76.26000214,76.69000244,28310300
28/02/2022,67.43605804,78.41999817,78.93000031,76.19999695,76.51000214,32204600
01/03/2022,68.08100128,79.16999817,80.65000153,78.33000183,78.76999664,40002300
02/03/2022,69.25053406,80.52999878,82.15000153,79.81999969,80.59999847,44321400
03/03/2022,69.68907928,81.04000092,81.76999664,79.62999725,79.86000061,30196600
04/03/2022,72.31186676,84.08999634,84.27999878,80.66000366,81.05000305,42802200
07/03/2022,74.9174881,87.12000275,87.23000336,83.90000153,84.91999817,55207900
08/03/2022,75.48503876,87.77999878,91.51000214,85.43000031,89.05000305,72082300
09/03/2022,71.19397736,82.79000092,86.56999969,81.59999847,84.02999878,65466700
10/03/2022,73.4039917,85.36000061,85.68000031,82.90000153,84.01000214,44644200
11/03/2022,73.02563477,84.91999817,86.23000336,83.97000122,84.06999969,35303400
14/03/2022,70.4114151,81.87999725,83.44999695,80.5,83.05999756,37462600
15/03/2022,66.40412903,77.22000122,79.16999817,76.37000275,78.81999969,47957900
16/03/2022,66.15475464,76.93000031,78.62000275,76.25,77.80999756,37812300
17/03/2022,67.9176178,78.98000336,79.15000153,77.06999969,78.18000031,34041900
18/03/2022,67.65103912,78.66999817,79.38999939,78.09999847,79.05999756,41461500
21/03/2022,70.68660736,82.19999695,82.51999664,79.73999786,80.12000275,33089300
22/03/2022,70.37703705,81.83999634,82.19999695,80.79000092,81.62999725,23132200
23/03/2022,71.48634338,83.12999725,84.26999664,83.05000305,83.33999634,27716300
24/03/2022,71.70133209,83.37999725,84.65000153,82.75,83.45999908,19871600
25/03/2022,73.26641083,85.19999695,85.48999786,82.79000092,82.91999817,22398300
28/03/2022,71.21116638,82.80999756,83.30999756,82.01999664,83.16999817,21552400
29/03/2022,70.83280182,82.37000275,82.48999786,79.76000214,80.80999756,27036300
30/03/2022,72.04530334,83.77999878,84.01000214,82.70999908,83.05999756,22079000
31/03/2022,71.02197266,82.58999634,84.40000153,82.55000305,82.87000275,27861500
01/04/2022,71.47775269,83.12000275,84.13999939,81.98999786,81.98999786,18671100
04/04/2022,71.51216125,83.16000366,83.66000366,82.05000305,83.55999756,20869400
05/04/2022,71.14237213,82.73000336,85.06999969,82.55999756,83.5,21753100
06/04/2022,71.93354034,83.65000153,84.69999695,82.94000244,83.41999817,24768200
07/04/2022,73.13742065,85.05000305,85.44000244,82.70999908,83.83000183,26122000
08/04/2022,74.67669678,86.83999634,87.20999908,85.16999817,85.16999817,24866500
11/04/2022,72.10549927,83.84999847,85.93000031,83.5,85.77999878,21800100
12/04/2022,73.61038208,85.59999847,86.81999969,85.37999725,85.70999908,22444200
13/04/2022,74.65089417,86.80999756,87.11000061,85.19000244,86.61000061,19306800
14/04/2022,75.52804565,87.83000183,88.45999908,86.23000336,86.66999817,24566400
18/04/2022,76.14718628,88.55000305,88.88999939,87.75,88.5,19032300
19/04/2022,75.4678421,87.76000214,88.66000366,87.26999664,88.01000214,20382600
20/04/2022,75.63983154,87.95999908,88.5,87.30000305,87.97000122,20689400
21/04/2022,74.84008026,87.02999878,89.80000305,86.79000092,88.94999695,29010900
22/04/2022,73.20620728,85.12999725,88.12000275,85,86.66000366,23591600
25/04/2022,70.73819733,82.26000214,82.66000366,79.29000092,82.37000275,37698300
26/04/2022,70.76400757,82.29000092,84.72000122,82.18000031,82.73000336,28941500
27/04/2022,72.78484344,84.63999939,85.48000336,82.27999878,83.38999939,32773000
28/04/2022,74.98628235,87.19999695,88.13999939,84.06999969,84.87999725,33683800
29/04/2022,73.30939484,85.25,88.13999939,84.69999695,88.13999939,34656500
02/05/2022,74.30692291,86.41000366,87.04000092,84.62999725,85.01000214,36335200
03/05/2022,75.83760834,88.19000244,88.77999878,86.12000275,86.26000214,33908100
04/05/2022,78.85597992,91.69999695,91.87999725,88.91000366,89.5,46188400
05/05/2022,77.66067505,90.30999756,92.05000305,88.38999939,92.04000092,41013400
06/05/2022,78.84738159,91.69000244,91.81999969,89.34999847,90.98000336,29619300
09/05/2022,72.63005829,84.45999908,89.55999756,84.01999664,89.44000244,45851600
10/05/2022,73.11161041,85.01999664,86.88999939,83.51999664,85.63999939,34483200
11/05/2022,74.63369751,86.79000092,88.94000244,86.27999878,86.43000031,33020600
12/05/2022,74.97250366,86.30000305,86.37999725,83.40000153,85.94999695,29491500
13/05/2022,77.19650269,88.86000061,88.94999695,86.34999847,87.36000061,25798400
16/05/2022,79.01218414,90.94999695,91.98000336,88.97000122,88.98000336,26101200
17/05/2022,80.01992798,92.11000061,92.44999695,91.12000275,91.73000336,23120700
18/05/2022,78.7515564,90.65000153,92.91999817,89.83000183,92.51000214,25451200
19/05/2022,79.17722321,91.13999939,92.30000305,89,89,24387400
20/05/2022,79.80271912,91.86000061,93.58999634,90.40000153,91.93000031,28795000
23/05/2022,81.56627655,93.88999939,94.76999664,92.55000305,92.66000366,27239300
24/05/2022,82.00933075,94.40000153,94.79000092,92.31999969,92.81999969,24293300
25/05/2022,83.65995026,96.30000305,96.52999878,94.47000122,94.58000183,29947800
26/05/2022,83.95530701,96.63999939,97.43000031,96.19999695,96.59999847,24314800
27/05/2022,84.78063202,97.58999634,97.93000031,95.30000305,95.94999695,25588800
31/05/2022,83.39932251,96,99.77999878,95.70999908,98.55999756,44888100
01/06/2022,84.99780273,97.83999634,98.70999908,96.62000275,97.01999664,25815400
02/06/2022,84.8501358,97.66999817,98.09999847,96.79000092,97.29000092,19089100
03/06/2022,86.08371735,99.08999634,99.66000366,97.90000153,97.90000153,21038200
06/06/2022,85.86654663,98.83999634,99.77999878,98.66999817,99.18000031,20682100
07/06/2022,89.80195618,103.3700027,103.4300003,99.48999786,99.69999695,37810200
08/06/2022,90.86182404,104.5899963,105.5699997,102.9800034,103.4899979,31613200
09/06/2022,88.89846039,102.3300018,104.5699997,102.1600037,103.4199982,26607000
10/06/2022,87.27393341,100.4599991,103.3499985,99.79000092,101.9400024,30950500
13/06/2022,83.26898956,95.84999847,97.76999664,93.91999817,97.51999664,33421000
14/06/2022,83.48619843,96.09999847,98.66999817,95.26999664,97.41000366,31264000
15/06/2022,82.43502045,94.88999939,96.56999969,93.26999664,95.98999786,29620800
16/06/2022,79.39442444,91.38999939,93.12999725,90.27999878,92.41000366,35696700
17/06/2022,74.81614685,86.12000275,91.34999847,85.66000366,90.95999908,64610200
21/06/2022,79.47261047,91.48000336,92.52999878,88.51999664,88.58000183,35951500
22/06/2022,76.32776642,87.86000061,89.76000214,87.52999878,87.54000092,29727200
23/06/2022,74.02557373,85.20999908,89.05000305,83.51999664,88.66000366,35757200
24/06/2022,75.49375916,86.90000153,88.40000153,85.80999756,86.94999695,26639000
27/06/2022,77.3441925,89.02999878,90.04000092,87.66999817,87.80999756,25478700
28/06/2022,79.4899826,91.5,93.23999786,90.34999847,91.12000275,33096900
29/06/2022,76.55364227,88.12000275,93.19999695,87.76000214,92.98000336,25400900
30/06/2022,74.39914703,85.63999939,87.59999847,84.66999817,86.13999939,39948100
01/07/2022,76.05844116,87.55000305,87.87999725,84.70999908,86.73999786,26327900
05/07/2022,73.67809296,84.80999756,86.69999695,83.01000214,86.33999634,34591100
06/07/2022,72.3489151,83.27999878,85.23000336,81.01000214,83.76000214,33375700
07/07/2022,74.65976715,85.94000244,86.76000214,85.30000305,85.37999725,23817400
08/07/2022,74.78140259,86.08000183,87.30000305,84.93000031,86.94999695,17673800
11/07/2022,74.39914703,85.63999939,86.12000275,84.36000061,85.16999817,15603800
12/07/2022,73.40879059,84.5,85.05000305,82.86000061,83.77999878,21013000
13/07/2022,73.70415497,84.83999634,86.30999756,83.30000305,83.37999725,19928600
14/07/2022,72.22728729,83.13999939,83.30999756,80.69000244,81.84999847,26343000
15/07/2022,73.44352722,84.54000092,84.87999725,82.90000153,84.80000305,17243700
18/07/2022,74.79876709,86.09999847,87.94000244,85.75,86.58000183,19395800
19/07/2022,76.68395233,88.26999664,88.51999664,86.25,86.41999817,18248900
20/07/2022,77.52662659,89.23999786,89.65000153,87.25,87.58000183,16584400
21/07/2022,76.23218536,87.75,87.80000305,85.20999908,86.93000031,21375700
22/07/2022,75.65013123,87.08000183,88.47000122,86.62999725,87.55000305,15479500
25/07/2022,78.16950226,89.98000336,90.12999725,87.41999817,88.16000366,17536400
26/07/2022,77.86543274,89.62999725,91.27999878,89,91.12999725,15141200
27/07/2022,79.55079651,91.56999969,92,89.40000153,90.27999878,18047000
28/07/2022,80.48035431,92.63999939,93.25,91.01000214,92.18000031,20353100
29/07/2022,84.20724487,96.93000031,97.51999664,94.09999847,94.44999695,29825800
01/08/2022,82.07884216,94.48000336,95.34999847,93.23000336,94.79000092,20793200
02/08/2022,81.72264862,94.06999969,95.19999695,93.81999969,94.69000244,16722500
03/08/2022,79.07297516,91.01999664,94.41999817,90.79000092,94.41999817,23580800
04/08/2022,75.74569702,87.19000244,90.33999634,86.43000031,90.30999756,31821500
05/08/2022,76.84030914,88.44999695,89.69000244,86.27999878,86.36000061,17408000
08/08/2022,77.27468872,88.94999695,89.59999847,88.22000122,88.61000061,14458500
09/08/2022,78.69943237,90.58999634,91.61000061,89.94999695,90.05000305,19083400
10/08/2022,79.44654083,91.44999695,91.79000092,89.19000244,90.68000031,18302000
11/08/2022,81.74478149,93.19000244,94.30000305,91.44000244,91.83999634,18797900
12/08/2022,82.45527649,94,94.01999664,92.11000061,92.48000336,15058200
15/08/2022,80.98161316,92.31999969,92.73000336,89.66000366,90.52999878,20755200
16/08/2022,80.22723389,91.45999908,92.88999939,91.29000092,92.02999878,14038200
17/08/2022,80.87634277,92.19999695,93.20999908,90.91999817,91.26999664,13678000
18/08/2022,82.78861237,94.37999725,95.30999756,93.08999634,93.15000153,17770400
19/08/2022,82.52545166,94.08000183,95.19999695,93.80000305,94.16000366,16128600
22/08/2022,82.46405792,94.01000214,94.48999786,91.86000061,93.41999817,16019900
23/08/2022,85.96400452,98,98.41000366,95.44999695,95.55000305,23764700
24/08/2022,86.47277832,98.58000183,98.97000122,97.36000061,98.01000214,17050300
25/08/2022,86.92015076,99.08999634,99.86000061,98.09999847,98.91999817,15305700
26/08/2022,85.84997559,97.87000275,99.91000366,97.41999817,98.76999664,15531400
29/08/2022,87.82365417,100.1200027,101.5599976,98.13999939,98.18000031,23059200
30/08/2022,84.48157501,96.30999756,98.62000275,95.81999969,98.36000061,17086800
31/08/2022,83.8500061,95.58999634,96.83999634,93.58999634,94.02999878,18340900
01/09/2022,82.34125519,93.87000275,95.06999969,92.29000092,94.41999817,16423000
02/09/2022,83.8500061,95.58999634,96.79000092,95.11000061,96.34999847,18206800
06/09/2022,83.28861237,94.94999695,96.58999634,94.51000214,96.16000366,19201500
07/09/2022,82.57809448,94.13999939,94.58999634,92.30000305,93.19000244,16274700
08/09/2022,83.25351715,94.91000366,95.41999817,93.72000122,94.66000366,18759200
09/09/2022,84.64824677,96.5,97,95.31999969,96.51999664,17158000
12/09/2022,85.6219101,97.61000061,99.19000244,96.87999725,97.65000153,16118900
13/09/2022,83.62194061,95.33000183,97.77999878,94.91000366,96.61000061,18229100
14/09/2022,85.67453766,97.66999817,98.55999756,96.15000153,96.19000244,22655700
15/09/2022,83.18334961,94.83000183,96.54000092,94.05000305,96.22000122,21092300
16/09/2022,81.76231384,93.20999908,95.33999634,92,95.06999969,37874700
19/09/2022,81.75354004,93.19999695,93.48999786,91,91.01000214,15342100
20/09/2022,81.08687592,92.44000244,92.93000031,91.63999939,92.73000336,14712500
21/09/2022,79.77987671,90.94999695,93.87999725,90.87000275,93.56999969,17332400
22/09/2022,79.4465332,90.56999969,92.66000366,90.51999664,92.19999695,16139400
23/09/2022,75.21851349,85.75,87.5,84.84999847,87.5,27738800
26/09/2022,73.66590881,83.98000336,86.22000122,83.88999939,84.90000153,22043400
27/09/2022,75.20976257,85.73999786,86.95999908,84.80999756,85.61000061,17307300
28/09/2022,77.94655609,88.86000061,89.30000305,85.91999817,86.12000275,19543300
29/09/2022,77.7886734,88.68000031,89.36000061,87.12999725,88.18000031,17896000
30/09/2022,76.58692169,87.30999756,89.04000092,87.30999756,88.16999817,21357600
03/10/2022,80.63074493,91.91999817,92.36000061,89.72000122,90.04000092,23881300
04/10/2022,83.56930542,95.26999664,95.36000061,92.70999908,93.23999786,22133700
05/10/2022,86.94647217,99.12000275,99.98999786,95.66000366,95.75,34857700
06/10/2022,89.525383,102.0599976,102.1800003,98.33000183,98.47000122,29124700
07/10/2022,88.62189484,101.0299988,103.3199997,100.1800003,102.1900024,24507600
10/10/2022,86.70084381,98.83999634,102.0299988,98.72000122,101.4899979,16786100
11/10/2022,85.96400452,98,99.76000214,96.75,97.22000122,17804100
12/10/2022,86.34120178,98.43000031,98.91000366,97.23000336,97.5,12635800
13/10/2022,89.3587265,101.8700027,102.4499969,97.40000153,97.55000305,22019100
14/10/2022,87.00788116,99.19000244,102.2399979,99.04000092,101.1200027,15222000
17/10/2022,88.26225281,100.6200027,101.9700012,100.5,101.0699997,14283200
18/10/2022,88.42012787,100.8000031,102.3499985,99.23000336,101.5400009,14065400
19/10/2022,91.04292297,103.7900009,103.9899979,101.2300034,101.25,20921700
20/10/2022,91.16571808,103.9300003,105,103.4100037,104.3199997,17649000
21/10/2022,92.8586731,105.8600006,106.4000015,103.9100037,104.4499969,22814100
24/10/2022,93.50780487,106.5999985,107.6800003,105.1200027,105.6600037,17024200
25/10/2022,92.8762207,105.8799973,107.3300018,105.0699997,106.4100037,15719800
26/10/2022,93.98148346,107.1399994,107.8300018,106,106.2600021,17383800
27/10/2022,94.34113312,107.5500031,109.5800018,107.4199982,108.4100037,18214000
28/10/2022,97.10426331,110.6999969,111.2099991,108.1200027,109.4599991,28169400
31/10/2022,97.20075226,110.8099976,112.9100037,109.4400024,109.5,26401800
01/11/2022,98.16564941,111.9100037,112.5699997,110.6500015,112.3700027,22213100
02/11/2022,96.14812469,109.6100006,112.0999985,109.3099976,111.5800018,20654200
03/11/2022,97.45513153,111.0999985,111.8199997,108.3099976,108.5800018,17103700
04/11/2022,98.51651001,112.3099976,113.5,110.8000031,113,17541500
07/11/2022,99.68315887,113.6399994,113.9899979,112.1299973,112.4100037,16008000
08/11/2022,99.99894714,114,114.6600037,112.5999985,113.4800034,14661000
09/11/2022,95.52532959,108.9000015,113.2799988,108.5699997,113.0999985,19522800
10/11/2022,96.92881775,110.5,110.6999969,107.5699997,110.1900024,20146700
11/11/2022,99.95507813,113.9499969,114.5,112.4899979,112.5800018,20518900
14/11/2022,100.2468948,113.3700027,114.6399994,112.4899979,112.6299973,20858300
15/11/2022,100.9189148,114.1299973,114.5299988,112.8700027,113.8000031,19373800
16/11/2022,99.84014893,112.9100037,114.2600021,111.8600006,113.4400024,13591000
17/11/2022,99.97278595,113.0599976,113.1999969,110.75,111.2900009,12425900
18/11/2022,99.10623932,112.0800018,112.4800034,109.6100006,110.9000015,15415000
21/11/2022,98.12471771,110.9700012,111.1999969,107.4800034,109.9899979,20973000
22/11/2022,100.9631424,114.1800003,114.4700012,111.4300003,112.2099991,17719100
23/11/2022,100.4591217,113.6100006,113.9499969,112.0999985,112.3199997,11546700
25/11/2022,100.105423,113.2099991,114.6100006,113.0599976,113.8799973,7136000
28/11/2022,97.09899139,109.8099976,111.4599991,109.6200027,110.6600037,23015500
29/11/2022,97.74449921,110.5400009,111.8000031,109.7900009,110.6100006,14453200
30/11/2022,98.45188141,111.3399963,111.9000015,109.7799988,111.5400009,23158100
01/12/2022,97.97438049,110.8000031,112.0699997,110.1800003,111.6399994,14398300
02/12/2022,97.14319611,109.8600006,111.7099991,109.1999969,109.5100021,15248400
05/12/2022,94.48162079,106.8499985,111.3600006,105.9400024,110.6999969,19287700
06/12/2022,91.85540009,103.8799973,107.0400009,103.1500015,105.9000015,21197000
07/12/2022,91.6520462,103.6500015,104.8499985,102.3700027,103.7799988,20061700
08/12/2022,92.33289337,104.4199982,106.8000031,103.7099991,106.2799988,21128800
09/12/2022,91.55476379,103.5400009,105.9499969,103.3000031,104.5899963,21298200
12/12/2022,93.80957794,106.0899963,106.2399979,103.5899963,103.8300018,20413200
13/12/2022,94.83532715,107.25,108.5400009,107.0199966,107.8000031,24305300
14/12/2022,94.13677216,106.4599991,108.3000031,105.75,107.9899979,17597300
15/12/2022,93.23482513,105.4400024,106.1699982,103.6999969,105.3300018,15365100
16/12/2022,92.58049774,104.6999969,105.5800018,103.1299973,103.6900024,54596600
19/12/2022,92.99607849,105.1699982,106.1999969,104.3799973,105.2600021,13611100
20/12/2022,94.34014893,106.6900024,107.5100021,105.0699997,105.1699982,14680000
21/12/2022,95.55155945,108.0599976,108.5899963,107.1600037,108.2900009,13565400
22/12/2022,93.62389374,105.8799973,108.1900024,104.0999985,107.8899994,13213000
23/12/2022,96.09978485,108.6800003,108.7399979,106.9000015,106.9499969,11539400
27/12/2022,97.43499756,110.1900024,110.4700012,108.8300018,109.2699966,11962100
28/12/2022,95.83449554,108.3799973,110,107.9000015,109.9100037,10702100
29/12/2022,96.5595932,109.1999969,109.7200012,107.9899979,107.9899979,10534000
30/12/2022,97.53227997,110.3000031,110.5,108.6100006,108.6100006,11799600
03/01/2023,94.18097687,106.5100021,110.0199966,105.4899979,109.7799988,15146200
04/01/2023,94.45509338,106.8199997,107.1600037,104.7600021,104.8000031,18058400
05/01/2023,96.5684433,109.2099991,109.9499969,106.3099976,106.3399963,15946600
06/01/2023,97.73564911,110.5299988,111.9899979,109.6699982,110.0800018,16348100
09/01/2023,95.91410065,108.4700012,111.6399994,107.8099976,111.6399994,17964600
10/01/2023,97.34657288,110.0899963,110.3300018,108.0100021,109.7900009,15104600
11/01/2023,98.47842407,111.3700027,111.4499969,109.0899963,110.9899979,16710400
12/01/2023,100.1142578,113.2200012,113.7399979,111.7399979,111.8199997,15357300
13/01/2023,100.0523682,113.1500015,113.4899979,112.1600037,113.1100006,12011400
17/01/2023,99.85784149,112.9300003,114.0800018,112.6699982,113.4100037,16542200
18/01/2023,97.80639648,110.6100006,114.1200027,110.4000015,113.2600021,16399700
19/01/2023,98.43418884,111.3199997,112.1299973,109.5800018,110.0699997,12928000
20/01/2023,100.229187,113.3499985,113.4400024,110.6100006,111.3600006,16515600
23/01/2023,99.7075119,112.7600021,114.5899963,112.6399994,113.6399994,16584400
24/01/2023,100.6359558,113.8099976,114.0199966,104.8700027,109.1600037,13583000
25/01/2023,100.105423,113.2099991,113.6500015,111.3899994,113.2300034,11914700
26/01/2023,104.128746,117.7600021,117.7799988,114.3399963,114.7200012,21019700
27/01/2023,102.2276077,115.6100006,117.6699982,115.3899994,116.9499969,15179200
30/01/2023,100.4149017,113.5599976,115.4899979,113.1500015,115.0899963,18672100
31/01/2023,102.5813217,116.0100021,116.4000015,110.4300003,112.0999985,27861800
01/02/2023,101.4583206,114.7399979,117.3799973,113.3399963,115.8300018,19464900
02/02/2023,98.28388977,111.1500015,115.0699997,109.8300018,114.8499985,24562100
03/02/2023,98.96473694,111.9199982,114.1100006,111.5599976,111.9000015,20226600
06/02/2023,98.79675293,111.7300034,113.0899963,110.3199997,112.3600006,13855200
07/02/2023,101.617485,114.9199982,115.3099976,112.0199966,112.3899994,16013300
08/02/2023,100.7332382,113.9199982,115.8300018,113.8499985,115.0500031,18459700
09/02/2023,101.1134567,114.3499985,116.2399979,114.1800003,114.6200027,17439300
10/02/2023,105.3755188,119.1699982,119.6299973,116.1600037,116.5100021,24918600
13/02/2023,104.9656372,117.8000031,118.1800003,115.9000015,117.7200012,14536200
14/02/2023,103.7359924,116.4199982,117.8099976,116.0199966,117.0100021,12079000
15/02/2023,103.4241257,116.0699997,116.0899963,114.1399994,115.7200012,13663400
16/02/2023,103.1211853,115.7300034,116.7799988,114.8000031,115.3099976,11360600
17/02/2023,99.15598297,111.2799988,114.1900024,110.9800034,114.1900024,20758300
21/02/2023,99.05799103,111.1699982,112.3799973,110.8099976,110.8099976,14469400
22/02/2023,97.77487183,109.7300034,110.9700012,108.6399994,110.4800034,13973800
23/02/2023,98.67481995,110.7399979,111.8300018,109.9000015,110.7300034,11289400
24/02/2023,98.68372345,110.75,110.9599991,109.0199966,109.3300018,14351000
27/02/2023,98.50552368,110.5500031,111.2600021,109.9599991,110.8000031,11710500
28/02/2023,97.93525696,109.9100037,111.3600006,109.2200012,111.2399979,18107000
01/03/2023,98.80849457,110.8899994,111.8600006,109.2399979,109.3099976,13200000
02/03/2023,99.26290894,111.4000015,111.6999969,110.1699982,110.6200027,10339900
03/03/2023,100.5193024,112.8099976,113.3700027,109.9499969,110.0500031,13006700
06/03/2023,101.410347,113.8099976,113.8399963,111.8700027,111.9899979,14347400
07/03/2023,99.45005798,111.6100006,113.1699982,111.1699982,112.8099976,11525300
08/03/2023,97.99764252,109.9800034,112.4199982,109.0699997,111.2300034,13509800
09/03/2023,97.24023438,109.1299973,112.2300034,109.0299988,110.8700027,12961200
10/03/2023,96.037323,107.7799988,111.0400009,107.1500015,109.5599976,15795700
13/03/2023,94.93243408,106.5400009,107.8600006,103.7200012,105.3399963,20745600
14/03/2023,95.28884888,106.9400024,109.0100021,104.9599991,106.3499985,18263500
15/03/2023,90.54846191,101.6200027,104.1999969,100.2200012,102.8199997,25733800
16/03/2023,90.02274323,101.0299988,101.6800003,98.01999664,99.11000061,27465200
17/03/2023,88.96238708,99.83999634,101.6100006,99.13999939,100.5999985,43199500
20/03/2023,91.28803253,102.4499969,102.4800034,99.5,99.62999725,32042100
21/03/2023,95.37793732,107.0400009,107.2799988,104.1299973,104.1699982,31592300
22/03/2023,93.19488525,104.5899963,107.1800003,104.5599976,106.8000031,14952700
23/03/2023,92.14343262,103.4100037,106.3399963,102.4400024,105.3600006,14385900
24/03/2023,92.25035858,103.5299988,103.8499985,100.9100037,101.4700012,13401600
27/03/2023,94.27303314,105.8000031,106.4800034,103.9100037,104.7399979,14805900
28/03/2023,95.44923401,107.1200027,107.6500015,105.1900024,105.4400024,11047600
29/03/2023,97.08874512,108.9599991,109.1600037,107.4899979,108.0599976,14219100
30/03/2023,97.56101227,109.4899979,109.5699997,108.5199966,109.5500031,11578200
31/03/2023,97.71250916,109.6600037,110.1699982,109.0500031,109.6800003,14418000
03/04/2023,103.4775848,116.1299973,116.8499985,113.1200027,113.3899994,28087700
04/04/2023,102.488533,115.0199966,116.6999969,114.1699982,116.2600021,16365500
05/04/2023,104.2438889,116.9899979,117,114.3099976,115.3499985,16479500
06/04/2023,102.5152512,115.0500031,117.1800003,114.7699966,116.8600006,15778000
10/04/2023,102.0608139,114.5400009,116.1800003,114.1699982,114.7799988,13006600
11/04/2023,102.7825851,115.3499985,116.1999969,114.3799973,114.9599991,11758500
12/04/2023,102.6756439,115.2300034,116.5899963,114.9300003,116.1600037,10919000
13/04/2023,103.1568146,115.7699966,115.8899994,114.1299973,114.5999985,12399700
14/04/2023,103.4063263,116.0500031,116.6600037,115.1200027,115.9000015,11530800
17/04/2023,102.2033997,114.6999969,116.5100021,114.4199982,115.4899979,13260400
18/04/2023,104.1993408,116.9400024,117.2099991,114.3000031,114.3899994,17436100
19/04/2023,103.8696365,116.5699997,116.9000015,115.7699966,116.0800018,10682600
20/04/2023,103.0409698,115.6399994,115.6800003,113.2300034,115.1299973,17038700
21/04/2023,103.3706741,116.0100021,116.8799973,115.2600021,116.4899979,14315300
24/04/2023,105.3220596,118.1999969,118.8899994,115.8799973,115.9199982,15831300
25/04/2023,103.8251038,116.5199966,117.7399979,115.6299973,117.5500031,12179800
26/04/2023,102.8716736,115.4499969,117.0899963,114.6800003,116.0299988,15566100
27/04/2023,104.1013184,116.8300018,117.0100021,114.8799973,115.6200027,16279200
28/04/2023,105.4468002,118.3399963,119.9199982,116.8300018,117.25,24381900
01/05/2023,102.1766434,114.6699982,117.3000031,114.4499969,115.9899979,17355000
02/05/2023,98.10456085,110.0999985,113.9400024,109.2900009,113.9400024,24324100
03/05/2023,96.17097473,107.9300003,109.8099976,107.7600021,109.0800018,16212300
04/05/2023,94.4868927,106.0400009,108.75,105.9100037,107.9000015,17177200
05/05/2023,96.83926392,108.6800003,109.4300003,107.5299988,108.5500031,14968200
08/05/2023,97.22241211,109.1100006,110.9700012,109.0400009,110.5,11187800
09/05/2023,97.24915314,109.1399994,110.2300034,108.2099991,108.3399963,11370800
10/05/2023,96.00167847,107.7399979,110.0100021,106.7099991,109.7399979,14884800
11/05/2023,94.26413727,105.7900009,106.8199997,104.9300003,106.4899979,17165900
12/05/2023,94.25523376,105.7799988,107.0100021,104.7799988,106.3099976,12613300
15/05/2023,94.43497467,105.0699997,105.9300003,104.5800018,105.5100021,13715600
16/05/2023,92.14308167,102.5199966,104.8099976,102.0199966,104.6299973,14795200
17/05/2023,94.21028137,104.8199997,105.2300034,102.8499985,103.3899994,14064700
18/05/2023,95.06411743,105.7699966,105.9100037,104.1299973,104.5500031,12005600
19/05/2023,95.5045166,106.2600021,107.0500031,105.8199997,106.5699997,13359600
22/05/2023,94.3451004,104.9700012,107.0400009,104.8799973,105.8399963,12882000
23/05/2023,95.63037109,106.4000015,108.2200012,105.75,105.9899979,14394400
24/05/2023,96.6999054,107.5899963,108.5100021,106.7300034,107.3799973,16340300
25/05/2023,94.96525574,105.6600037,106.4300003,104.7099991,105.9400024,14316500
26/05/2023,94.3451004,104.9700012,106.9499969,104.8300018,106.4700012,12370300
30/05/2023,93.5092392,104.0400009,104.1200027,102.6100006,103.2900009,11938000
31/05/2023,91.83750916,102.1800003,103.0400009,101.7399979,102.2900009,24926100
01/06/2023,92.89806366,103.3600006,105.5800018,101.2600021,101.75,13551900
02/06/2023,95.05513,105.7600021,106.1299973,104.5299988,105.1600037,14112000
05/06/2023,94.63272095,105.2900009,107.1900024,105.0899963,107.1900024,10628000
06/06/2023,95.40565491,106.1500015,106.2699966,103.9800034,104.1500015,12209800
07/06/2023,97.54476166,108.5299988,108.8899994,106.7300034,106.7900009,16027100
08/06/2023,97.23918152,108.1900024,109.1399994,105.9000015,108.7699966,13517100
09/06/2023,96.52015686,107.3899994,108.6100006,107.1600037,108.4599991,12251600
12/06/2023,95.64833069,106.4199982,107.0599976,105.5599976,105.8099976,14112000
13/06/2023,95.66630554,106.4400024,108.3399963,106.2799988,107.3799973,13533800
14/06/2023,94.51586914,105.1600037,108.1100006,104.3899994,107.4499969,16627700
15/06/2023,95.17198181,105.8899994,107.0299988,105.4400024,105.5,16224100
16/06/2023,94.48889923,105.1299973,106.7699966,104.9599991,106.3600006,43128900
20/06/2023,92.32283783,102.7200012,104.7699966,102.1200027,104.6800003,17514100
21/06/2023,93.35644531,103.8700027,104.6299973,102.3300018,102.5,13285700
22/06/2023,92.84413147,103.3000031,103.8899994,102.6500015,102.8399963,12455300
23/06/2023,92.03522491,102.4000015,102.8199997,101.6200027,102.5899963,17933600
26/06/2023,93.73392487,104.2900009,104.9100037,102.1999969,102.1999969,14283400
27/06/2023,93.96759796,104.5500031,104.6100006,103.2699966,104.0500031,13227500
28/06/2023,94.73158264,105.4000015,105.8199997,103.1999969,104.3099976,13084100
29/06/2023,95.89998627,106.6999969,106.7300034,105.1299973,105.6600037,11364400
30/06/2023,96.39433289,107.25,107.8799973,106.8099976,107.3199997,13544700
03/07/2023,96.58306885,107.4599991,108.4599991,107.0699997,107.4899979,7397000
05/07/2023,96.08872986,106.9100037,107.9199982,106.0999985,107.6299973,12491200
06/07/2023,92.50260162,102.9199982,105.7200012,102.4300003,105.0899963,17961400
07/07/2023,92.7183075,103.1600037,104,101.5599976,101.9199982,21929200
10/07/2023,94.09344482,104.6900024,104.75,102.75,102.9700012,14877600
11/07/2023,95.2438736,105.9700012,106.1600037,104.8099976,105.2600021,12576500
12/07/2023,95.71125031,106.4899979,107.6500015,106.1299973,107,13238200
13/07/2023,93.95861816,104.5400009,106.2300034,103.3199997,105.9700012,26826800
14/07/2023,90.72299957,100.9400024,104.0500031,100.5299988,104.0500031,28181900
17/07/2023,91.11847687,101.3799973,101.6699982,100.2200012,100.7200012,18051300
18/07/2023,90.70503235,100.9199982,102.1999969,100.3399963,100.9199982,24617800
19/07/2023,91.33419037,101.6200027,102.4000015,100.8000031,101.0500031,15556500
20/07/2023,92.94300079,103.4100037,103.6600037,102.3600006,102.5400009,15740200
21/07/2023,93.37442017,103.8899994,104.3799973,103.2600021,104.1600037,17121500
24/07/2023,94.83944702,105.5199966,106.1600037,103.9599991,104.3600006,15090900
25/07/2023,94.98323822,105.6800003,106.0899963,104.5400009,105.0599976,14116100
26/07/2023,94.45294189,105.0899963,105.7200012,104.6399994,105.1100006,15159600
27/07/2023,94.74954987,105.4199982,106.9899979,104.7399979,106,17677900
28/07/2023,93.61708832,104.1600037,105.1600037,102.3199997,105.1100006,17566400
31/07/2023,96.38533783,107.2399979,107.8600006,105.1900024,105.1900024,24197000
01/08/2023,95.82809448,106.6200027,107.3199997,105.5299988,106.9499969,14177400
02/08/2023,94.63272095,105.2900009,106.3799973,104.5699997,106.2600021,13484100
03/08/2023,96.27748108,107.1200027,107.8799973,105.3000031,105.8899994,16280400
04/08/2023,96.54711914,107.4199982,109.2399979,107.3300018,107.9599991,14279600
07/08/2023,96.34937286,107.1999969,108.4199982,106.5100021,107.9000015,12410800
08/08/2023,96.82572937,107.7300034,107.75,104.8399963,106.0400009,14065600
09/08/2023,98.47051239,109.5599976,110.4199982,108.3099976,108.7099991,19919600
10/08/2023,98.97383118,110.1200027,111.6299973,109.4400024,110.1900024,15837200
11/08/2023,100.5107422,111.8300018,112.0699997,110.0500031,110.3700027,14047000
14/08/2023,100.5916214,111.9199982,111.9800034,110.7799988,111.6800003,12973400
15/08/2023,98.0091095,108.1600037,110.8600006,107.9700012,110.75,14909600
16/08/2023,96.35990143,106.3399963,109.3300018,106.2799988,108.2799988,13695100
17/08/2023,98.22657776,108.4000015,110.1500015,107.4199982,107.4199982,16709500
18/08/2023,99.71266174,110.0400009,110.1999969,107.6200027,107.6399994,16224000
21/08/2023,98.50749969,108.7099991,110.9800034,108.1399994,110.3600006,11092400
22/08/2023,97.95474243,108.0999985,109.7200012,107.9499969,109.1699982,10518800
23/08/2023,97.09389496,107.1500015,107.3000031,105.7200012,107.0400009,11435600
24/08/2023,96.36898041,106.3499985,107.7699966,106.0699997,106.4199982,10818500
25/08/2023,98.09065247,108.25,108.9300003,106.6200027,107.4300003,13579300
28/08/2023,98.91524506,109.1600037,110.0400009,108.4400024,108.4499969,10382100
29/08/2023,99.5042572,109.8099976,110.0199966,108.4199982,109.6600037,9665000
30/08/2023,100.4738464,110.8799973,111.1399994,109.9800034,110.4400024,11922100
31/08/2023,100.7547379,111.1900024,111.4199982,110.6200027,111.1200027,17479800
01/09/2023,102.8660736,113.5199966,113.8199997,112.1999969,112.1999969,14843500
05/09/2023,102.8751221,113.5299988,115.8300018,113.5,114.0999985,18304000
06/09/2023,103.7631531,114.5100021,114.5899963,113.2300034,113.4800034,13325500
07/09/2023,103.2556992,113.9499969,115.8499985,113.6999969,114.6500015,13248500
08/09/2023,104.759903,115.6100006,116.0500031,114.3199997,114.5299988,14283200
11/09/2023,103.4459991,114.1600037,116.6800003,113.5699997,116.1800003,14383600
12/09/2023,106.4634781,117.4899979,117.6699982,115.2699966,115.3399963,20145800
13/09/2023,105.5120239,116.4400024,117.9599991,115.9000015,117.4100037,13472800
14/09/2023,107.3968124,118.5199966,118.6600037,117.3300018,117.5500031,15210700
15/09/2023,105.7476044,116.6999969,118.5100021,116.5,117.9000015,34568400
18/09/2023,106.5993958,117.6399994,118.2399979,116.6999969,117.5299988,14045300
19/09/2023,106.3184967,117.3300018,118.8399963,116.6100006,118.6200027,12562900
20/09/2023,105.4757843,116.4000015,118.0199966,116.3199997,116.5400009,11879900
21/09/2023,103.9896927,114.7600021,117.3700027,114.5999985,116.9800034,14400600
22/09/2023,104.1528015,114.9400024,116.6800003,114.8099976,115.7099991,13197300
25/09/2023,105.3217392,116.2300034,116.6500015,114.8300018,115.0899963,11316000
26/09/2023,105.4848404,116.4100037,116.7300034,115.3700027,115.5,11805400
27/09/2023,108.919136,120.1999969,120.5,117.4000015,117.8899994,23976200
28/09/2023,108.2576599,119.4700012,120.6999969,118.1900024,119.9800034,16808100
29/09/2023,106.5450211,117.5800018,119.1800003,116.7300034,119.0999985,18813600
02/10/2023,104.7780457,115.6299973,117.7900009,114.5500031,117.5299988,14395000
03/10/2023,104.9592743,115.8300018,116.4400024,115.0299988,115.4400024,13297100
04/10/2023,101.0356445,111.5,114.0899963,110.5,114.0500031,19622200
05/10/2023,98.76121521,108.9899979,110.9000015,108.6999969,109.8000031,20128800
06/10/2023,97.11201477,107.1699982,108.2699966,105.1100006,105.7300034,25367500
09/10/2023,100.5100784,110.9199982,112.0699997,109.5199966,110.4400024,22369900
10/10/2023,100.0841827,110.4499969,111.4499969,110.1200027,111.0199966,13892000
11/10/2023,96.49583435,106.4899979,107.1699982,104.8300018,106.9599991,57939000
12/10/2023,96.47769165,106.4700012,107.8399963,106.0899963,107.5899963,31183000
13/10/2023,99.55861664,109.8700027,110.1999969,107.8399963,108.0299988,30276500
16/10/2023,99.63110352,109.9499969,110.6800003,109.1299973,110.5,18452000
17/10/2023,100.9359665,111.3899994,111.8000031,109.6800003,109.7300034,19775400
18/10/2023,102.349556,112.9499969,113.3899994,111.6999969,111.8199997,23380300
19/10/2023,102.413002,113.0199966,113.9700012,111.3300018,112.7200012,20972500
20/10/2023,100.6550598,111.0800018,113.3199997,110.7900009,112.9199982,22445300
23/10/2023,99.17803955,109.4499969,110.9599991,108.6800003,110.6299973,18185000
24/10/2023,98.21751404,108.3899994,109.8199997,108.1200027,109.6999969,16786100
25/10/2023,98.39873505,108.5899963,109.5,108.1299973,108.5199966,22047300
26/10/2023,97.50167084,107.5999985,108.3399963,106.5,107.4499969,18768300
27/10/2023,95.6440506,105.5500031,109.8600006,104.9599991,108.8899994,23092000
30/10/2023,95.94308472,105.8799973,106.4199982,105.2099991,105.7399979,19379900
31/10/2023,95.91588593,105.8499985,106.1600037,104.5400009,105.5800018,22185200
01/11/2023,95.72560883,105.6399994,107.1699982,105.4599991,106.5299988,28984900
02/11/2023,98.86995697,109.1100006,109.1900024,105.5,105.8799973,25212700
03/11/2023,97.6647644,107.7799988,108.7799988,106.5400009,108.4000015,30555600
06/11/2023,95.93402863,105.8700027,108.2699966,105.7699966,108.1699982,19097300
07/11/2023,94.4298172,104.2099991,104.8600006,103.2900009,104.4700012,20272500
08/11/2023,93.26995087,102.9300003,104.9000015,102.8899994,103.7300034,19184100
09/11/2023,93.29712677,102.9599991,103.9700012,102.8600006,103.6699982,18380500
10/11/2023,94.01298523,103.75,104.4100037,102.9100037,103.9300003,17825500
13/11/2023,95.00067902,104.8399963,105.1399994,103.8099976,104.0500031,15308400
14/11/2023,95.36646271,104.2900009,104.8199997,103.8700027,104.3000031,18260500
15/11/2023,94.79038239,103.6600037,105.1500015,103.5,103.9599991,20137600
16/11/2023,93.69304657,102.4599991,103.2699966,101.1500015,102.9000015,22469100
17/11/2023,95.97913361,104.9599991,105.4300003,102.75,103.0599976,22984900
20/11/2023,95.55848694,104.5,105.8799973,104.4300003,105.3799973,17458800
21/11/2023,95.52192688,104.4599991,104.6999969,103.2200012,104.2099991,14989000
22/11/2023,95.11042786,104.0100021,104.1200027,101.9400024,102.5800018,18072000
24/11/2023,95.62250519,104.5699997,105.4700012,103.9100037,104.0199966,9480800
27/11/2023,95.06468964,103.9599991,104.4000015,103.1800003,104.0999985,18013500
28/11/2023,95.00984192,103.9000015,104.9100037,103.8799973,104.2399979,20629500
29/11/2023,93.58331299,102.3399963,104.5800018,101.6399994,104.2699966,26802100
30/11/2023,93.94908142,102.7399979,104.4800034,101.8099976,103.1100006,29254700
01/12/2023,94.17769623,102.9899979,104.2200012,102.2200012,102.5,17845300
04/12/2023,93.6656189,102.4300003,103.3600006,101.5899963,102.1299973,21523900
05/12/2023,91.84589386,100.4400024,102.3399963,100.2900009,102.2699966,22250300
06/12/2023,90.62969208,99.11000061,100.7200012,98.33999634,100,31154800
07/12/2023,89.99872589,98.41999817,100.8399963,98.08999634,99.86000061,29990700
08/12/2023,91.03203583,99.55000305,99.79000092,98.75,99.01999664,22074900
11/12/2023,91.09606934,99.62000275,99.86000061,98.58000183,99.80000305,22252300
12/12/2023,89.66038513,98.05000305,98.68000031,97.48000336,98.68000031,26084000
13/12/2023,90.45593262,98.91999817,99.02999878,97.66000366,98.04000092,19915400
14/12/2023,92.88835144,101.5800018,102.1399994,99.72000122,99.84999847,26165700
15/12/2023,92.2665329,100.9000015,101,100.3099976,100.5899963,55527000
18/12/2023,92.95236206,101.6500015,103.1100006,101.5199966,102.1299973,21610400
19/12/2023,94.17769623,102.9899979,103.1900024,101.7900009,102,18904700
20/12/2023,92.60487366,101.2699966,103.9400024,101.1299973,103.5,20988900
21/12/2023,93.0255127,101.7300034,102.0100021,100.8099976,101.4700012,19250900
22/12/2023,93.19011688,101.9100037,102.9400024,101.8199997,102.3099976,12927800
26/12/2023,93.40042114,102.1399994,103.0299988,102.1200027,102.7399979,16835100
27/12/2023,92.96150208,101.6600037,102.5500031,101.3399963,102.0400009,14558800
28/12/2023,91.61727905,100.1900024,101.6100006,100.1299973,101.3899994,16329300
29/12/2023,91.42526245,99.98000336,100.5899963,99.62000275,100.3700027,17746400
02/01/2024,93.60160065,102.3600006,103.0999985,100.8499985,100.9199982,23483000
03/01/2024,94.38801575,103.2200012,103.6200027,101.6600037,102.2699966,23490800
04/01/2024,93.56502533,102.3199997,104.5699997,102.0500031,104.0800018,19395200
05/01/2024,93.84849548,102.6299973,103.4000015,102.1299973,103.1699982,15827400
08/01/2024,92.28481293,100.9199982,101.0400009,98.90000153,100.7300034,23370100
09/01/2024,91.14176941,99.66999817,101.2900009,99.19000244,101.2900009,19496600
10/01/2024,90.24562073,98.69000244,99.80000305,98.16000366,99.80000305,18206100
11/01/2024,90.2273407,98.66999817,99.5,98.55999756,99.04000092,15833400
12/01/2024,91.39781952,99.94999695,100.6500015,99.16999817,100.1399994,18041700
16/01/2024,89.33119202,97.69000244,100.0100021,97.52999878,99.81999969,20235700
17/01/2024,88.68195343,96.98000336,97.95999908,96.58000183,96.59999847,18384000
18/01/2024,88.51734161,96.80000305,97.08999634,95.81999969,97,20940300
19/01/2024,88.65450287,96.94999695,97.01999664,96.41000366,96.72000122,20088400
22/01/2024,88.53562927,96.81999969,97.09999847,95.76999664,96.69999695,19955900
23/01/2024,89.53237152,97.91000366,98.5,96.73000336,96.80999756,15863400
24/01/2024,91.07777405,99.59999847,99.65000153,97.73999786,98.31999969,17330600
25/01/2024,93.39128876,102.1299973,102.1800003,99.62000275,100.3099976,22089500
26/01/2024,94.1868515,103,103.0800018,101.1900024,101.9700012,20817200
29/01/2024,94.30571747,103.1299973,103.1999969,101.8600006,102.9800034,18317500
30/01/2024,95.87854767,104.8499985,104.8799973,102.0999985,102.4100037,19610900
31/01/2024,94.01309967,102.8099976,104.8799973,102.7699966,104.7399979,22415300
01/02/2024,93.62905121,102.3899994,104.0100021,101.6200027,103.5699997,19240700
02/02/2024,93.2449646,101.9700012,104,101.6100006,103.75,21973400
05/02/2024,92.86090851,101.5500031,102.3799973,100.5,101.4499969,17190900
06/02/2024,93.50101471,102.25,103.0400009,101.5699997,102.0699997,13347900
07/02/2024,93.47357178,102.2200012,102.7300034,101.1800003,102.25,13826800
08/02/2024,95.07383728,103.9700012,104.4199982,102.1100006,102.3399963,19636900
09/02/2024,93.06208801,101.7699966,104.8399963,101.6999969,104.0999985,20410500
12/02/2024,94.34230042,103.1699982,103.4000015,102,102.1600037,18173100
13/02/2024,93.53012085,101.3399963,103.0899963,100.5999985,102.7600021,18917400
14/02/2024,93.06863403,100.8399963,102.6200027,100.4199982,101.8700027,17651300
15/02/2024,95.7359314,103.7300034,103.9400024,100.5999985,100.5999985,23196300
16/02/2024,95.7359314,103.7300034,104.6299973,103.5199966,104.0100021,20151400
20/02/2024,94.83145142,102.75,104.1200027,102.6500015,103.8399963,17650000
21/02/2024,96.76960754,104.8499985,104.9800034,102.9899979,103.0199966,20991300
22/02/2024,96.68656158,104.7600021,105.4100037,103.4499969,104.1600037,20470700
23/02/2024,95.83745575,103.8399963,104.0899963,102.8799973,103.8799973,15975900
26/02/2024,96.21583557,104.25,104.9400024,103.0500031,103.7200012,13360800
27/02/2024,96.01280212,104.0299988,105.1500015,103.8499985,104.6800003,16360000
28/02/2024,96.28044891,104.3199997,105.4300003,104,104.4700012,14810500
29/02/2024,96.46503448,104.5199966,105.0699997,104.2200012,104.6800003,17566100
01/03/2024,97.68331146,105.8399963,106.3899994,105.3799973,105.7200012,18460100
04/03/2024,96.31737518,104.3600006,105.8499985,104.0299988,105.6600037,18138000
05/03/2024,97.49873352,105.6399994,106.2699966,104.3199997,104.5299988,19952700
06/03/2024,98.54165649,106.7699966,107.5699997,106.1500015,106.6200027,20472800
07/03/2024,99.09541321,107.3700027,107.9800034,106.5999985,106.5999985,15195400
08/03/2024,100.0275726,108.3799973,108.4000015,106.7699966,107.2300034,16281500
11/03/2024,100.6182404,109.0199966,109.1200027,107.3399963,108.25,17577300
12/03/2024,99.97219086,108.3199997,109.2799988,108.0299988,109.0599976,14957200
13/03/2024,101.0889359,109.5299988,110.3499985,109.1100006,109.1399994,17122200
14/03/2024,102.8794327,111.4700012,111.5500031,109.6900024,109.8300018,22121000
15/03/2024,102.6948471,111.2699966,112.3000031,110.8499985,110.8499985,38264400
18/03/2024,103.6454697,112.3000031,112.8600006,111.0999985,111.7900009,16770500
19/03/2024,104.3745728,113.0899963,113.4899979,112.0599976,112.2200012,14878800
20/03/2024,104.2822876,112.9899979,113.4000015,112.1299973,112.7200012,16119700
21/03/2024,104.7437668,113.4899979,113.9100037,112.5699997,112.9199982,14878000
22/03/2024,104.7437668,113.4899979,113.6900024,112.8199997,113.4800034,14701900
25/03/2024,105.8143692,114.6500015,115.7799988,113.8300018,113.8300018,14011700
26/03/2024,105.0206604,113.7900009,114.9800034,113.4100037,114.6600037,13152300
27/03/2024,106.1096954,114.9700012,115.0599976,113.4100037,113.4800034,12415700
28/03/2024,107.2818222,116.2399979,116.4499969,115.0599976,115.5299988,18482100
01/04/2024,107.9740295,116.9899979,117.2399979,115.3799973,116.4100037,13817000
02/04/2024,110.0875473,119.2799988,119.5999985,117.3300018,117.9199982,19919600
03/04/2024,110.1060104,119.3000031,119.75,118.7300034,119.4800034,16504300
04/04/2024,110.4936295,119.7200012,119.8799973,118.6399994,119.0500031,18467400
05/04/2024,112.0164795,121.3700027,122.1500015,119.6399994,119.9800034,21720600
08/04/2024,111.2596817,120.5500031,121.7399979,120.2099991,121.0800018,17513900
09/04/2024,111.8411255,121.1800003,121.6500015,120.3399963,121,14132300
10/04/2024,112.7825089,122.1999969,122.4700012,120.7300034,121.2200012,17409200
11/04/2024,112.4041061,121.7900009,122.6900024,120.3399963,122.6900024,17555900
12/04/2024,111.0935516,120.3700027,123.75,119.6699982,122.9499969,21556200
15/04/2024,110.4567108,119.6800003,121.6900024,119.4499969,121.0899963,15029500
16/04/2024,109.5430222,118.6900024,120.2200012,117.9199982,119.5599976,18082200
17/04/2024,109.4876328,118.6299973,119.3499985,117.1200027,118.5500031,14538600
18/04/2024,109.386116,118.5199966,119.7200012,117.9700012,119,13821400
19/04/2024,110.641304,119.8799973,120.9300003,118.9499969,119.1600037,21572400
22/04/2024,111.2689133,120.5599976,121.5699997,118.4300003,119.2600021,16340700
23/04/2024,111.7026825,121.0299988,121.0599976,119.4499969,120,13929800
24/04/2024,111.7211456,121.0500031,121.2600021,119.3899994,120.3000031,12101200
25/04/2024,111.9795609,121.3300018,121.7600021,119.4000015,121.0299988,16041000
26/04/2024,108.8692856,117.9599991,119.0999985,116.2200012,119,27289500
29/04/2024,110.4198074,119.6399994,120.0500031,117.7600021,117.7600021,17309900
30/04/2024,109.1553802,118.2699966,120.1999969,117.9800034,119.1100006,21083300
01/05/2024,107.0880127,116.0299988,118.4700012,115.6600037,118.2799988,27777700
02/05/2024,107.2818222,116.2399979,117.2600021,115.9000015,116.2600021,25513600
03/05/2024,107.0603104,116,116.0699997,114.1299973,116,28023300
06/05/2024,107.7525253,116.75,118.3399963,116.4000015,116.6699982,31401300
07/05/2024,107.2172089,116.1699982,117.5800018,115.9300003,117.2799988,30122000
08/05/2024,107.1987686,116.1500015,116.9499969,115.4100037,115.7099991,18957200
09/05/2024,109.312294,118.4400024,118.5299988,116.1900024,116.1999969,17564000
10/05/2024,108.8692856,117.9599991,118.6600037,117.5800018,118.5400009,13648100
13/05/2024,108.8231277,117.9100037,119.0400009,117.1200027,118.4199982,15060600
14/05/2024,109.4837418,117.6699982,117.7399979,116.4800034,116.7900009,15079100
15/05/2024,110.3304214,118.5800018,118.8399963,116.0800018,117.6100006,18244300
16/05/2024,109.6698151,117.8700027,119.3000031,117.5400009,118.5400009,15745200
17/05/2024,111.3166809,119.6399994,119.8300018,117.9599991,118.3000031,15104500
20/05/2024,110.4141464,118.6699982,119.8899994,118.5500031,119.7300034,11551300
21/05/2024,109.6512146,117.8499985,119.4499969,117.7799988,118.4000015,14495000
22/05/2024,107.4460983,115.4800034,117.4599991,114.9599991,117.4599991,17879300
23/05/2024,105.6131439,113.5100021,117.5100021,113.3600006,115.5999985,15979800
24/05/2024,105.5293961,113.4199982,115.0800018,113.0400009,114.8399963,12212900
28/05/2024,106.8692245,114.8600006,115.1100006,113.0699997,113.5199966,13978300
29/05/2024,105.7247925,113.6299973,114.5500031,112.8099976,114.5299988,13902000
30/05/2024,106.0597458,113.9899979,114.1299973,112.9599991,113.2699966,14683700
31/05/2024,109.1022568,117.2600021,117.4899979,113.9899979,114.1200027,29037400
03/06/2024,106.4877472,114.4499969,116.3600006,113.7600021,116.3000031,19589300
04/06/2024,104.8315811,112.6699982,113.0899963,110.9199982,113,19412200
05/06/2024,105.2502823,113.1200027,113.1900024,111.4800034,112.8899994,14863500
06/06/2024,106.0411453,113.9700012,114.0400009,112.1100006,112.75,13154100
07/06/2024,104.9060211,112.75,114.9000015,112.6699982,113.7900009,13289200
10/06/2024,105.2130585,113.0800018,114.2200012,112.6999969,113.0599976,15239700
11/06/2024,104.3663712,112.1699982,112.6699982,111.3099976,112.4899979,12462400
12/06/2024,103.2126389,110.9300003,113.3000031,110.5400009,113.3000031,13606800
13/06/2024,102.3845291,110.0400009,110.8600006,109.7200012,110.8399963,14466900
14/06/2024,101.519249,109.1100006,110.2099991,108.5899963,110.0199966,13313400
17/06/2024,100.8214264,108.3600006,109.4599991,108.1800003,109.1699982,21147900
18/06/2024,101.770462,109.3799973,110.7200012,108.8000031,109.0299988,17762900
20/06/2024,103.9662781,111.7399979,112.6200027,109.5899963,109.9100037,17433200
21/06/2024,103.0544586,110.7600021,112.6999969,110.7600021,111.9000015,52212500
24/06/2024,106.1155777,114.0500031,114.5299988,111.6399994,111.6399994,16266700
25/06/2024,106.4133224,114.3700027,114.5500031,113.4599991,114.1100006,14188900
26/06/2024,106.450531,114.4100037,114.8199997,113.1399994,114.3899994,15771800
27/06/2024,106.9064407,114.9000015,114.9899979,114.1100006,114.9899979,16812700
28/06/2024,107.1111526,115.1200027,116.5400009,114.6800003,115.8600006,24565900
01/07/2024,106.962265,114.9599991,116.7399979,114.5299988,115.7099991,11972900
02/07/2024,106.2365265,114.1800003,115.9400024,113.4899979,115.9000015,13326700
03/07/2024,106.7761765,114.7600021,115.6600037,114.2699966,114.2699966,7732900
05/07/2024,105.4828796,113.3700027,114.6299973,112.6900024,114.6100006,12631000
08/07/2024,104.375679,112.1800003,113.5500031,111.4199982,112.3899994,13350500
09/07/2024,103.2219315,110.9400024,112.5400009,110.6200027,111.1100006,11727000
10/07/2024,104.1337585,111.9199982,111.9599991,110.4199982,110.9199982,10004100
11/07/2024,105.3712387,113.25,113.3199997,110.9300003,111.4300003,13082700
12/07/2024,105.3898392,113.2699966,114.1500015,112.6299973,113.9899979,11684900
15/07/2024,107.1948624,115.2099991,116.1600037,113.5800018,114.2699966,13032500
16/07/2024,107.9671249,116.0400009,116.3499985,113.7099991,114.3499985,13614100
17/07/2024,109.4558182,117.6399994,118.1800003,116.5500031,116.7399979,13602800
18/07/2024,110.5351105,118.8000031,119.9199982,117.4400024,117.9499969,13033600
19/07/2024,107.9950409,116.0699997,118.8799973,115.8700027,118.5899963,16157700
22/07/2024,107.2506866,115.2699966,115.9400024,114.5800018,115.1800003,12065900
23/07/2024,105.5201035,113.4100037,115.1699982,113.1699982,114.8099976,11251700
24/07/2024,107.0087967,115.0100021,115.1999969,113.0699997,113.7699966,14925200
25/07/2024,109.260437,117.4300003,118.0299988,114.5599976,115.1699982,17021700
26/07/2024,109.1673889,117.3300018,118.0299988,116.4700012,116.7699966,11252500
29/07/2024,108.0229568,116.0999985,117.3899994,115.3799973,117.3199997,8861800
30/07/2024,109.9489365,118.1699982,118.5999985,116.2300034,116.3600006,12483900
31/07/2024,110.3397369,118.5899963,119.7600021,118.5599976,119.6399994,15137700
01/08/2024,108.8138199,116.9499969,119.4899979,116.3600006,118.3499985,15051500
02/08/2024,108.7486954,116.8799973,118.8700027,115.4199982,115.9700012,20403800
05/08/2024,106.7854843,114.7699966,116.0299988,113.25,115.5400009,18025900
06/08/2024,106.2179184,114.1600037,115.6299973,113.6299973,114.4499969,13647800
07/08/2024,107.6321716,115.6800003,117.1200027,115.2600021,115.4499969,13660700
08/08/2024,109.6884232,117.8899994,118.1100006,115.7300034,116.0800018,13851000
09/08/2024,110.5816422,118.8499985,119.3099976,117.3600006,117.8899994,12151900
12/08/2024,110.7212067,119,120.1699982,118.0199966,119.5500031,13228900
13/08/2024,109.6605148,117.8600006,118.5100021,117.5,118.2799988,11585100
14/08/2024,110.674675,118.9499969,119.9000015,117.6299973,118.0999985,12194500
15/08/2024,111.3593674,118.7300034,119.6299973,118.1200027,118.25,11579400
16/08/2024,110.8341217,118.1699982,118.4800034,117.6600037,117.9899979,10056000
19/08/2024,111.1717758,118.5299988,120.5,118.1699982,118.4000015,12417500
20/08/2024,107.4670029,114.5800018,118.6500015,114.5100021,118.6500015,15632000
21/08/2024,106.7823105,113.8499985,115.5699997,113.7600021,115.0100021,11752400
22/08/2024,107.6076965,114.7300034,115.0100021,113.6399994,113.7799988,10609500
23/08/2024,109.0989685,116.3199997,116.7200012,115.0299988,115.0299988,10381400
26/08/2024,111.4343948,118.8099976,118.9400024,116.9199982,117.7600021,13671000
27/08/2024,110.3745575,117.6800003,119.4100037,117.4000015,118.9599991,9991600
28/08/2024,109.2865601,116.5199966,117.5800018,116.2600021,117,10742900
29/08/2024,110.796608,118.1299973,118.7900009,116.3499985,117.1999969,10753900
30/08/2024,110.6184158,117.9400024,118.0199966,116.2900009,116.7900009,13284700
03/09/2024,108.3017426,115.4700012,116.0899963,114.0400009,115.8399963,15725100
04/09/2024,106.9792709,114.0599976,116.1500015,113.9800034,115.2900009,12620600
05/09/2024,106.144516,113.1699982,115.2799988,113.0699997,115.0699997,17200800
06/09/2024,105.6474228,112.6399994,114.1800003,111.7300034,113.5899963,13467700
09/09/2024,107.8703003,115.0100021,116.1500015,112.6600037,112.8700027,21645300
10/09/2024,103.9404068,110.8199997,115.4000015,110.1699982,115.0999985,20913400
11/09/2024,102.908699,109.7200012,110.9499969,107.7699966,110.7799988,19571900
12/09/2024,104.3249664,111.2300034,111.3300018,109.7600021,109.9000015,15919500
13/09/2024,104.2499313,111.1500015,112.4700012,110.9300003,111.4700012,10035400
16/09/2024,105.713089,112.7099991,113.0899963,111.6900024,112.0500031,11729000
17/09/2024,107.0918198,114.1800003,114.3700027,112.1200027,112.3199997,12202600
18/09/2024,107.4670029,114.5800018,115.6299973,113.8099976,114.1100006,12569900
19/09/2024,108.7988434,116,117.5800018,115.1900024,116.1600037,12660600
20/09/2024,108.114151,115.2699966,115.5100021,114.25,115.4599991,36206200
23/09/2024,110.0744247,117.3600006,117.7900009,115.1200027,115.3300018,16066300
24/09/2024,109.7836609,117.0500031,118.1600037,116.8300018,117.8399963,11984900
25/09/2024,107.645195,114.7699966,117.0500031,114.0400009,116.4899979,13816000
26/09/2024,105.7975082,112.8000031,113.4800034,111.1399994,111.1399994,16887900
27/09/2024,108.6300125,115.8199997,116.0899963,113.25,113.7600021,15964000
30/09/2024,109.9431152,117.2200012,117.3899994,114.9599991,115.4599991,13247600
01/10/2024,112.4848633,119.9300003,120.5999985,115.9300003,116.0400009,23235900
02/10/2024,113.9761658,121.5199966,122.8199997,120.1999969,121.9300003,17129700
03/10/2024,114.9703674,122.5800018,123.1699982,120.9300003,121.9000015,16524300
04/10/2024,117.0806885,124.8300018,125.1900024,122.4300003,123.1999969,19752300
07/10/2024,117.5871658,125.3700027,126.3399963,124.8600006,125.25,15714400
08/10/2024,114.4638824,122.0400009,124.0199966,121.2600021,123.8799973,14818500
09/10/2024,114.5107727,122.0899963,122.5800018,120.8000031,120.9000015,11144900
10/10/2024,115.4955978,123.1399994,123.6999969,122.2900009,123.1600037,10243300
11/10/2024,115.9364243,123.6100006,124.0299988,122.9400024,123.0999985,8294800
14/10/2024,116.377243,124.0800018,124.2600021,122.6200027,123.2399979,9808100
15/10/2024,112.8787994,120.3499985,121.9499969,119.7799988,120.8199997,15771300
16/10/2024,113.1695709,120.6600037,121.4400024,120.5999985,120.8899994,8426800
17/10/2024,112.8787994,120.3499985,121.5800018,119.7099991,120.7600021,11204900
18/10/2024,112.5599136,120.0100021,120.6399994,119.1500015,120.4400024,12898600
21/10/2024,112.6255646,120.0800018,121.4800034,119.7200012,120.9800034,10177800
22/10/2024,113.2070618,120.6999969,121.1900024,119.9400024,120.2600021,9201400
23/10/2024,112.8037643,120.2699966,120.75,119.4000015,119.9700012,8320300
24/10/2024,112.1659698,119.5899963,120.4400024,119.1299973,120,9905600
25/10/2024,112.0721893,119.4899979,120.4300003,119.3199997,120.1999969,10714600
28/10/2024,111.5188065,118.9000015,119.0100021,116.7699966,116.7900009,11844500
29/10/2024,109.999382,117.2799988,119.1699982,117.0699997,118.5800018,14731000
30/10/2024,109.4460144,116.6900024,118.2699966,116.4800034,117.6600037,12303700
31/10/2024,109.5304184,116.7799988,118.6699982,116.6800003,117.1500015,20512000
01/11/2024,107.8140259,114.9499969,119.9499969,114.8399963,119.9300003,20939300
04/11/2024,111.2468185,118.6100006,118.6999969,115.9300003,116.0699997,14965400
05/11/2024,111.5750885,118.9599991,119.2099991,118.0100021,119.0800018,10436700
06/11/2024,113.4884338,121,121.9100037,119.3000031,121.1500015,20807700
07/11/2024,113.6291351,121.1500015,121.5,119.6100006,121.3000031,12184400
08/11/2024,113.5916214,121.1100006,121.4199982,119.6600037,120.9800034,12836000
11/11/2024,112.9913483,120.4700012,121.6200027,120.0699997,121,11969700
12/11/2024,112.8787994,120.3499985,121.3099976,119.8399963,121.1299973,11972800
13/11/2024,113.9292679,121.4700012,122.0500031,118.8000031,120.5699997,15127900
14/11/2024,114.0049286,120.5599976,121.8799973,120.3300018,121.6600037,13041800
15/11/2024,112.8228836,119.3099976,121.2399979,119.1299973,120.4000015,19051700
18/11/2024,113.7685165,120.3099976,120.6200027,119.2699966,119.7900009,14239700
19/11/2024,112.1798477,118.6299973,119.75,118.1999969,119.75,11584400
20/11/2024,113.7779694,120.3199997,120.4700012,118.6399994,119.1699982,11360900
21/11/2024,115.3004379,121.9300003,122.5500031,120.2699966,121.0800018,14675400
22/11/2024,115.168045,121.7900009,123.2099991,121.6399994,121.8199997,13323400
25/11/2024,113.4470062,119.9700012,121.8799973,119.6100006,121.4300003,26580300
26/11/2024,111.555748,117.9700012,119.6800003,117.8499985,119.5299988,14827300
27/11/2024,111.2626038,117.6600037,118.7300034,117.4300003,118.0899963,11079100
29/11/2024,111.5462952,117.9599991,118.5,116.9499969,117.4400024,9426500
02/12/2024,111.4422607,117.8499985,118.1999969,116.8199997,118.0500031,12687300
03/12/2024,111.272049,117.6699982,118.7200012,117.2600021,118.7200012,11756600
04/12/2024,108.0663834,114.2799988,117.5500031,113.8600006,117.5,19520600
05/12/2024,108.5391846,114.7799988,115.6200027,114.0599976,114.7099991,15751200
06/12/2024,107.3949814,113.5699997,114.7699966,113.5,114.5400009,16171100
09/12/2024,106.7614136,112.9000015,114.9400024,112.75,114.6399994,17412600
10/12/2024,106.5439148,112.6699982,113.8799973,111.75,113.5899963,20990900
11/12/2024,105.8346939,111.9199982,112.3899994,111.1100006,112,32392200
12/12/2024,105.7401352,111.8199997,112.3799973,110.7799988,111.5899963,14543300
13/12/2024,104.8134079,110.8399963,111.9000015,110.25,111.9000015,13106100
16/12/2024,102.5722809,108.4700012,110.4000015,108.1600037,110.1999969,20256100
17/12/2024,102.137291,108.0100021,108.1699982,106.7900009,107.2399979,17554000
18/12/2024,100.6337433,106.4199982,108.8300018,106.3099976,107.5699997,17114500
19/12/2024,99.77321625,105.5100021,107.6699982,105.2099991,107.3899994,20565600
20/12/2024,100.1136551,105.8700027,106.1399994,104.8399963,105.4499969,40141200
23/12/2024,100.5202637,106.3000031,106.5999985,104.9199982,105.3099976,12285100
24/12/2024,100.6148224,106.4000015,107.1900024,105.6999969,106.5199966,7807000
26/12/2024,100.6999283,106.4899979,107.0299988,105.9400024,106.5199966,9652400
27/12/2024,100.6904831,106.4800034,107.9899979,105.7699966,106.3000031,11943900
30/12/2024,100.0096359,105.7600021,106.5599976,105.5100021,106.3000031,11080800
31/12/2024,101.7212219,107.5699997,107.9000015,105.7799988,106.1699982,12387800
02/01/2025,101.4753418,107.3099976,109,106.8799973,108.2799988,12685400
03/01/2025,101.9954453,107.8600006,108.4899979,107.4599991,108,14237900
06/01/2025,101.8819656,107.7399979,109.7799988,107.5199966,108.2399979,15623700
07/01/2025,102.8370514,108.75,110.0599976,108.2799988,108.9400024,12625900
08/01/2025,101.1160202,106.9300003,107.7099991,106.0100021,107.3099976,17858100
10/01/2025,100.7472153,106.5400009,110.0999985,105.7799988,108.6999969,19304500
13/01/2025,103.347702,109.2900009,109.6299973,107.1299973,107.1299973,17073400
14/01/2025,103.7543106,109.7200012,109.7600021,107.8300018,108.7900009,11191200
15/01/2025,105.4469833,111.5100021,111.7300034,109.4700012,110.0500031,14521100
16/01/2025,105.2673187,111.3199997,111.6900024,110.5500031,111.1900024,10366600
17/01/2025,106.2129517,112.3199997,112.8700027,110.8199997,111.0299988,19298500
21/01/2025,105.4091568,111.4700012,112.1800003,111.1299973,112.0500031,20416300
22/01/2025,103.5746384,109.5299988,111.5699997,109.4000015,111.1999969,15718000
23/01/2025,104.1609421,110.1500015,111.1399994,109.6100006,110.3099976,13726800
24/01/2025,102.7519379,108.6600037,110.7099991,108.4100037,110.2399979,14235900
27/01/2025,104.1798477,110.1699982,110.4499969,108.3899994,109.0100021,15926700
28/01/2025,102.165657,108.0400009,110.8700027,107.7900009,110.4100037,15862000
29/01/2025,102.7613983,108.6699982,108.7799988,107.4700012,107.7099991,12345500
30/01/2025,103.6124649,109.5699997,109.8499985,108.6999969,109.2399979,14346300
31/01/2025,101.0214539,106.8300018,110.5500031,106.0999985,110.5500031,20376500
03/02/2025,101.2673035,107.0899963,107.3000031,105.3199997,106.6399994,14623200
04/02/2025,103.9812622,109.9599991,110.2799988,106.5299988,106.7099991,14835700
05/02/2025,103.9056168,109.8799973,110.0100021,109.0999985,109.7399979,13364400
06/02/2025,102.5344543,108.4300003,111.0500031,107.9899979,110.7699966,13411400
07/02/2025,102.9694366,108.8899994,109.7300034,108.3199997,108.7799988,10051600
10/02/2025,104.936348,110.9700012,111.0299988,109.8799973,110.0100021,12142200
11/02/2025,105.5982895,111.6699982,112.5100021,110.8199997,111.5999985,12713100
12/02/2025,102.4211807,107.3499985,110.2300034,107.1800003,110.0500031,18244100
13/02/2025,103.1653671,108.1299973,108.4100037,106.5199966,107.1500015,15460000
14/02/2025,103.2703171,108.2399979,110.2300034,108.0999985,108.5199966,15733500
18/02/2025,105.0830765,110.1399994,110.9899979,108.3199997,108.6299973,20060300
19/02/2025,105.235733,110.3000031,112.1299973,110.0599976,110.7600021,10964700
20/02/2025,106.8576813,112,112.4199982,109.9499969,110.5699997,16325800
21/02/2025,105.6078262,110.6900024,111.8499985,110.5599976,111.3199997,14710000
24/02/2025,106.1611938,111.2699966,111.8600006,110.3199997,110.9300003,13153500
25/02/2025,104.6919098,109.7300034,112.1299973,108.8899994,111.3000031,14497000
26/02/2025,104.4342957,109.4599991,109.8700027,108.5199966,109.7399979,10446400
27/02/2025,105.0926285,110.1500015,111.2900009,109.2799988,110.0100021,15293200
28/02/2025,106.2184448,111.3300018,111.5800018,109.3399963,110.1100006,18821700
03/03/2025,102.8123627,107.7600021,112.1600037,106.5100021,111.6999969,18706900
04/03/2025,102.6024551,107.5400009,108.9599991,105.9400024,106.3600006,19394900
05/03/2025,100.598877,105.4400024,106.3300018,103.6699982,105.8399963,24822200
06/03/2025,102.6787796,107.6200027,108.1100006,104.3600006,105.4300003,17150200
07/03/2025,104.0144958,109.0199966,110.4000015,108.3000031,108.4100037,19625000
10/03/2025,106.6668701,111.8000031,112.5699997,109.0800018,109.2799988,22749100
11/03/2025,104.1480789,109.1600037,112.0999985,108.7900009,111.9199982,19904700
12/03/2025,104.1194611,109.1299973,110.1299973,108.4199982,109.0500031,14051500
13/03/2025,103.6805725,108.6699982,110.8199997,107.6299973,108.3300018,17767800
14/03/2025,106.7622681,111.9000015,112.1800003,108.3099976,108.9400024,15890100
17/03/2025,108.5368805,113.7600021,114.5,111.7300034,111.8000031,19908800
18/03/2025,108.4223785,113.6399994,114.5400009,112.5699997,114.0899963,15998700
19/03/2025,110.1111145,115.4100037,115.8199997,113.8300018,114.1999969,17315000
20/03/2025,110.5786209,115.9000015,116.4700012,114.2099991,114.7200012,16230800
21/03/2025,110.1969833,115.5,115.9899979,114.3499985,115.5,41102800
24/03/2025,110.4832077,115.8000031,116.9100037,115.5800018,115.6800003,14207500
25/03/2025,111.2369385,116.5899963,117.6399994,115.9599991,116.4300003,12081800
26/03/2025,112.8398056,118.2699966,119.1800003,117.6800003,117.6800003,14110800
27/03/2025,112.4772491,117.8899994,119.0699997,117.2600021,118.0999985,12740800
28/03/2025,112.3246002,117.7300034,118.4599991,117.2399979,118.0999985,10233400
31/03/2025,113.4694901,118.9300003,119.9100037,117.7900009,117.7900009,21652300
01/04/2025,113.5744553,119.0400009,119.2799988,117.9300003,119.2200012,12425400
02/04/2025,113.2214279,118.6699982,118.8399963,117.6600037,118.3899994,12614600
03/04/2025,107.2679443,112.4300003,115.4499969,112.2300034,114.3700027,21204600
04/04/2025,99.54938507,104.3399963,110.8300018,103.8300018,109.8700027,30841300
07/04/2025,98.21366119,102.9400024,105.8000031,98.45999908,100.3899994,35068500
08/04/2025,96.14328766,100.7699966,105.5999985,99.01000214,105.4599991,27147800
09/04/2025,100.9423447,105.8000031,106.5800018,98.12999725,99.37000275,30063300
10/04/2025,95.34185791,99.93000031,103.7799988,97.80000305,103.7099991,33999300
11/04/2025,98.40447998,103.1399994,103.9300003,98.79000092,100.3000031,22884600
14/04/2025,98.64300537,103.3899994,105.0899963,102.7200012,105.0299988,18020000
15/04/2025,98.36631012,103.0999985,105.4100037,103,103.6399994,13164900
16/04/2025,99.40627289,104.1900024,105.5899963,103.6999969,103.9499969,13607000
17/04/2025,102.0109177,106.9199982,108.5500031,104.4599991,104.6900024,17916500
21/04/2025,100.5129929,105.3499985,105.6299973,104.1200027,105.6100006,16926500
22/04/2025,103.3275757,108.3000031,108.9400024,106.1399994,106.1399994,13147000
23/04/2025,102.4402618,107.3700027,109.3000031,106.4700012,108.8099976,14235700
24/04/2025,103.6424103,108.6299973,108.8799973,106.9599991,107.9700012,9849600
25/04/2025,103.5851746,108.5699997,108.7600021,107.4199982,108.1399994,11245800
28/04/2025,103.6424103,108.6299973,109.25,107.6800003,108.75,13890900
29/04/2025,103.3848114,108.3600006,108.8300018,107.5199966,107.7399979,9483100
30/04/2025,100.7801514,105.6299973,107.4199982,104.1500015,107.4199982,20379300
01/05/2025,100.9232635,105.7799988,106.9199982,104.9800034,105.0999985,18610300
02/05/2025,101.333519,106.2099991,109,104.5500031,107.7200012,16581900
05/05/2025,98.52850342,103.2699966,104.6600037,103.0699997,104.6500015,19624000
06/05/2025,99.90238953,104.7099991,105.9800034,103.4800034,103.8899994,16303400
07/05/2025,99.80698395,104.6100006,105.2900009,104.0699997,104.9899979,12332200
08/05/2025,101.1999512,106.0699997,107.3899994,105.3399963,105.3399963,19196500
09/05/2025,102.3830109,107.3099976,107.75,106.3799973,107.1399994,10992100
12/05/2025,104.1480789,109.1600037,110.4400024,108.3199997,110.2699966,14244600
13/05/2025,104.4342957,109.4599991,110.5100021,109.0199966,109.3199997,13350800
14/05/2025,103.4992981,108.4800034,108.8600006,107.9300003,108.8600006,15494900
15/05/2025,104.5488358,108.5800018,108.6500015,105.9700012,106.4899979,15004300
16/05/2025,104.173317,108.1900024,108.8899994,107.4499969,108.6500015,14042500
19/05/2025,102.5171738,106.4700012,107.5699997,105.7200012,107.5699997,16802700
20/05/2025,101.0536041,104.9499969,106.7200012,104.7799988,106.3899994,12429300
21/05/2025,99.81149292,103.6600037,104.9700012,103.6399994,104.5299988,16716100
22/05/2025,99.14710999,102.9700012,103.4700012,101.8899994,103.0599976,13417400
23/05/2025,99.20487976,103.0299988,103.4700012,102.0699997,102.5999985,12061600
27/05/2025,99.67668915,103.5199966,103.8600006,102.9000015,103.4899979,13043600
28/05/2025,98.31904602,102.1100006,104.4300003,101.7900009,104.2900009,14292400
29/05/2025,98.87751007,102.6900024,102.8499985,101.75,102.2799988,13825300
30/05/2025,98.50199127,102.3000031,102.3899994,101.1900024,102.1600037,28645800
02/06/2025,99.22414398,103.0500031,103.8499985,102.2200012,103.75,17290500
03/06/2025,99.94629669,103.8000031,104.6600037,102.2099991,102.9000015,19194300
04/06/2025,98.50199127,102.3000031,104.9199982,102.3000031,103.9199982,15648500
05/06/2025,98.04943848,101.8300018,103.0500031,101.7300034,102.9800034,13924800
06/06/2025,100.3988495,104.2699966,104.5,102.6800003,102.7600021,15487800
09/06/2025,101.0728607,104.9700012,105.8499985,103.8300018,104.3300018,17087300
10/06/2025,103.2393265,107.2200012,107.6500015,105.9300003,106.0800018,17634800
11/06/2025,105.2517242,109.3099976,109.3899994,106.4599991,107.7600021,22648200
12/06/2025,105.6561356,109.7300034,110.1900024,108.2200012,108.9199982,17469400
13/06/2025,107.9574127,112.1200027,112.5299988,110.6800003,112.3499985,28540200
16/06/2025,108.304039,112.4800034,113.1600037,111.1299973,111.8199997,22986100
17/06/2025,109.7676163,114,114.9300003,113.1100006,113.9499969,19451700
18/06/2025,108.9876938,113.1900024,115.2399979,112.9400024,114.6100006,17968900
20/06/2025,110.4416275,114.6999969,115.0400009,113.1800003,113.4499969,36273300
23/06/2025,107.591507,111.7399979,116.9499969,111.1600037,116.6999969,26631100
24/06/2025,104.3177338,108.3399963,110.9400024,107.9100037,109.25,24828300
25/06/2025,104.3466339,108.3700027,109.2399979,107.6999969,108.1100006,17483200
26/06/2025,105.9064789,109.9899979,110.4400024,108.5500031,108.9400024,18304800
27/06/2025,105.3191299,109.3799973,110.0999985,108.3700027,109.9400024,22002100
30/06/2025,103.7977982,107.8000031,108.8399963,107.7200012,108.6399994,19199000
01/07/2025,105.1843262,109.2399979,109.6399994,107.1500015,108.1299973,15536900
02/07/2025,106.9271317,111.0500031,111.3600006,108.8300018,110,11892200
03/07/2025,108.0344315,112.1999969,112.4700012,110.6200027,110.8600006,11223600
07/07/2025,106.9849014,111.1100006,112.0500031,110.2200012,111.5400009,15415900
08/07/2025,109.9505615,114.1900024,114.4599991,110.8499985,110.8899994,17913400
09/07/2025,109.5750427,113.8000031,114.2699966,113.2699966,113.9199982,10652100
10/07/2025,110.6630783,114.9300003,115.2699966,113.0699997,113.7099991,14901700
11/07/2025,111.144516,115.4300003,115.7600021,114.5100021,114.8499985,11683900
14/07/2025,109.6905746,113.9199982,115.2300034,113.2200012,115.2300034,13220300
15/07/2025,108.7180786,112.9100037,114.0599976,112.5999985,113.6600037,10959300
16/07/2025,108.0633316,112.2300034,113.5,112.0999985,112.8799973,11158900
17/07/2025,107.5144882,111.6600037,112.2300034,111.0899963,111.4899979,13151400
18/07/2025,103.768898,107.7699966,111.7300034,107.3399963,111.1100006,32366600
21/07/2025,104.0385132,108.0500031,108.7699966,107.4400024,107.5999985,17010400
22/07/2025,104.5103302,108.5400009,109.4400024,107.6100006,107.9800034,13970900
23/07/2025,105.8487091,109.9300003,110,108.8499985,108.9300003,12002700
24/07/2025,106.6767807,110.7900009,110.9499969,109.1299973,109.6600037,15647200
25/07/2025,106.3012619,110.4000015,110.9800034,109.6999969,110.7300034,10548900
28/07/2025,107.3026581,111.4400024,112.1100006,110.8399963,111,12353000
29/07/2025,108.6891785,112.8799973,113,111.4100037,111.9000015,15928000
30/07/2025,107.7455826,111.9000015,112.6100006,111.2600021,112.4100037,12996900
31/07/2025,107.495224,111.6399994,112.5,110.3600006,110.3600006,17233700
01/08/2025,105.5694809,109.6399994,112.5400009,108.8600006,112,19652000
04/08/2025,103.3837585,107.3700027,109.9199982,107.0899963,109.2200012,19129500
05/08/2025,103.2585831,107.2399979,107.8199997,106.0699997,107.2200012,21314300
06/08/2025,102.555687,106.5100021,109.0500031,106.3700027,108.3099976,15321800
07/08/2025,102.0164642,105.9499969,108.0599976,105.8899994,107.1399994,13468300
08/08/2025,102.8349152,106.8000031,107.5100021,105.9499969,106.5,14417700
11/08/2025,101.9009323,105.8300018,107.5299988,105.5299988,107.1100006,13570700
12/08/2025,102.1897812,106.1299973,107.2799988,105.7799988,106.3399963,14109400
13/08/2025,103.6052094,107.5999985,107.5999985,105.7399979,106,17958700
14/08/2025,103.3933716,107.3799973,107.5899963,106.4400024,107.5500031,13683500
15/08/2025,103.4905701,106.4899979,107.5599976,105.9499969,106.1900024,19271900
18/08/2025,103.7140884,106.7200012,107.2300034,105.6699982,106.0999985,13040000
19/08/2025,104.3943787,107.4199982,107.4599991,106.1500015,106.1999969,16113600
20/08/2025,105.4730988,108.5299988,109.3300018,107.6800003,107.8799973,18959700
21/08/2025,106.1533966,109.2300034,109.5699997,107.9599991,108.4199982,12194900
22/08/2025,108.1456528,111.2799988,111.4100037,109.5999985,109.5999985,13586700
25/08/2025,108.5926895,111.7399979,111.9199982,110.5400009,110.9000015,9744900
26/08/2025,108.3497314,111.4899979,111.8099976,110.3600006,111.3700027,18143900
27/08/2025,109.5742493,112.75,112.9800034,111.4199982,111.4199982,15262600
28/08/2025,110.157341,113.3499985,113.6500015,112.0699997,112.8700027,14189800
29/08/2025,111.0708618,114.2900009,114.7900009,113.5800018,113.7200012,14597900
02/09/2025,111.4596024,114.6900024,115.2399979,113.3300018,114.1800003,15206700
03/09/2025,108.7579117,111.9100037,114.4300003,111.4599991,113.9700012,14920100
04/09/2025,109.2341003,112.4000015,113.1299973,111.3799973,112.1100006,12864400
05/09/2025,106.1533966,109.2300034,111.7799988,109.0199966,111.5999985,16826700
08/09/2025,106.755928,109.8499985,110.0500031,108.3499985,109.7300034,15440500
09/09/2025,107.5333862,110.6500015,112.5100021,110.5299988,110.5299988,14899500
10/09/2025,109.3312912,112.5,112.5599976,110.8399963,111.1600037,15837600
11/09/2025,108.9814224,112.1399994,112.7699966,110.8700027,111.4000015,11534500
12/09/2025,109.0008698,112.1600037,113.2200012,111.8799973,112.8600006,11105700
15/09/2025,109.1855164,112.3499985,112.4599991,111.3199997,112.1800003,12880500
16/09/2025,111.4498825,114.6800003,115.3199997,112.7799988,112.9599991,17208000
17/09/2025,112.0427017,115.2900009,115.4899979,114.0500031,114.5299988,13302000
18/09/2025,110.7210083,113.9300003,115.3499985,113.4000015,115.1699982,14628700
19/09/2025,109.6422653,112.8199997,113.9800034,112.6399994,113.9000015,38746500
22/09/2025,108.8648071,112.0199966,112.8000031,111.5599976,112.4499969,15611500
23/09/2025,110.7404404,113.9499969,114.75,112.4800034,112.7200012,25369100
24/09/2025,111.3332672,114.5599976,115.7600021,114.4700012,114.5699997,14756100
25/09/2025,112.3342438,115.5899963,115.9000015,114.4100037,114.6399994,15012600
26/09/2025,113.9183502,117.2200012,118.3600006,115.9199982,115.9599991,18568900
29/09/2025,111.0028458,114.2200012,116.5,113.6699982,116.0599976,19189300
30/09/2025,109.5742493,112.75,113.4899979,111.9400024,113.3499985,18076200
01/10/2025,108.8356476,111.9899979,113.0199966,111.2900009,112.5599976,16614000
02/10/2025,108.1553726,111.2900009,113.0899963,111.0299988,111.9700012,13062600
03/10/2025,110.0698853,113.2600021,113.75,111.9000015,111.9000015,12950100
06/10/2025,110.9833908,114.1999969,114.7699966,113.1800003,113.2900009,12036800
07/10/2025,111.0417099,114.2600021,114.5100021,111.7399979,114.0699997,11945000
08/10/2025,110.8084717,114.0199966,115.0100021,113.4100037,114.3799973,12301000
09/10/2025,109.7297363,112.9100037,115.5100021,112.7399979,114.4300003,10976200
10/10/2025,107.611145,110.7300034,112.6200027,110.7099991,112.2600021,13811600
13/10/2025,109.0786057,112.2399979,112.3000031,111.3199997,111.5400009,10296500
14/10/2025,109.1271973,112.2900009,112.9599991,110.7099991,110.7600021,11167200
15/10/2025,108.4663544,111.6100006,113.5699997,110.9700012,112.8000031,12182900
16/10/2025,107.5236816,110.6399994,112.1900024,110.3899994,111.8799973,11782200
17/10/2025,109.0786057,112.2399979,112.9100037,111.1800003,111.6299973,13460100
20/10/2025,109.52565,112.6999969,113.1500015,111.9800034,112,9523600
21/10/2025,109.5353775,112.7099991,113.3600006,111.9899979,112.8899994,9202300
22/10/2025,111.4790344,114.7099991,115.1800003,113.0800018,113.4499969,12938800
23/10/2025,112.7132721,115.9800034,116.8499985,115.3600006,116.6299973,15001100
24/10/2025,112.1398926,115.3899994,116.4700012,115.1800003,116.3499985,9919400
27/10/2025,112.6744003,115.9400024,115.9899979,115.0999985,115.6999969,10975400
28/10/2025,111.7900162,115.0299988,116.1800003,114.9899979,115.4899979,9535200
29/10/2025,113.1700363,116.4499969,117.0500031,114.8099976,114.9199982,12570600
30/10/2025,111.4596024,114.6900024,116.5199966,114.5299988,116.4300003,16172900
31/10/2025,111.1389008,114.3600006,115.2300034,112.6200027,113.9800034,20213400
03/11/2025,110.5557938,113.7600021,114.9899979,113.6399994,114.5,12290300
04/11/2025,110.9251022,114.1399994,114.3499985,112.5100021,113.3799973,16860700
05/11/2025,110.4780579,113.6800003,115.1800003,113.6699982,114.0899963,12400900
06/11/2025,111.2749557,114.5,114.9400024,113.6399994,113.6399994,14219700
07/11/2025,113.9183502,117.2200012,117.5100021,114.9000015,115.2099991,17181100
10/11/2025,114.8901749,118.2200012,118.4499969,115.4599991,117.4400024,13048000
11/11/2025,116.4062347,119.7799988,120.8099976,118.8300018,118.8300018,16077100
12/11/2025,114.7929916,118.1200027,119.2799988,117.7900009,119.0999985,13790900
13/11/2025,115.4441299,118.7900009,119.7600021,118.2799988,118.6299973,17291900
14/11/2025,116.9440308,119.2900009,119.4800034,116.6600037,118.4499969,17064300
17/11/2025,115.3656845,117.6800003,119.5,117.1100006,118.9700012,16034900
18/11/2025,116.6891479,119.0299988,119.4800034,116.4800034,117.2600021,15808500
19/11/2025,115.0421829,117.3499985,118.1800003,115.9300003,116.8499985,15919200
20/11/2025,114.7186661,117.0199966,119.0100021,116.7399979,117.9800034,14401000
21/11/2025,114.7774963,117.0800018,117.3799973,115.6500015,116.9899979,15667600
24/11/2025,113.6893234,115.9700012,117.1999969,114.7399979,117.1999969,18034900
25/11/2025,112.2580338,114.5100021,115.9000015,114.1900024,115.1800003,14434600
26/11/2025,112.5129166,114.7699966,115.7399979,114.3099976,114.4100037,11650600
28/11/2025,113.6403046,115.9199982,118.7399979,114.8199997,114.9499969,7240800
01/12/2025,114.3363419,116.6299973,117.4100037,116.0999985,116.0999985,12658100
02/12/2025,113.1109161,115.3799973,116.5999985,114.6900024,116.4400024,14607700
03/12/2025,115.4833374,117.8000031,117.9800034,115.8799973,115.9499969,16819100
04/12/2025,114.8363113,117.1399994,118.3399963,116.6600037,117.5,13686900
05/12/2025,114.2481155,116.5400009,118.7799988,116.4100037,116.75,12516900
08/12/2025,113.6991272,115.9800034,117,115.0400009,115.8300018,14904200
09/12/2025,115.9244843,118.25,120.4700012,116.8899994,116.9000015,23790800
10/12/2025,117.1891098,119.5400009,119.8700027,118.3700027,118.7300034,19845200
11/12/2025,117.1891098,119.5400009,120.3600006,119.0699997,119.1100006,14781800
12/12/2025,116.4832687,118.8199997,119.9199982,118.3099976,119.4400024,14459500
15/12/2025,115.4441223,117.7600021,119.0299988,116.8499985,119.0100021,16358700
16/12/2025,112.4246902,114.6800003,116.8399963,114.6100006,116.7699966,17638700
17/12/2025,115.1010132,117.4100037,117.6200027,115.1699982,115.2099991,18502200
18/12/2025,114.2481155,116.5400009,116.9899979,115.6299973,116.9899979,13705600
19/12/2025,114.3951645,116.6900024,117.5699997,115.9599991,116.75,45412800
22/12/2025,115.8264465,118.1500015,118.4599991,117.3399963,117.3399963,11768600
23/12/2025,117.0714722,119.4199982,120.0299988,118.3199997,118.4700012,12567600
24/12/2025,116.8754044,119.2200012,120.0500031,119.1200027,119.3300018,6137400
26/12/2025,116.7675705,119.1100006,119.5500031,118.5299988,118.8899994,8066100
29/12/2025,118.1596451,120.5299988,121.3000031,119.4000015,120.1500015,14782500
30/12/2025,118.6106033,120.9899979,121.8000031,120.6299973,121.0999985,11150500
31/12/2025,117.9733734,120.3399963,121.2600021,119.8700027,121.1800003,10559900
02/01/2026,120.2379532,122.6500015,122.6800003,119.6100006,120.0899963,14175100
05/01/2026,122.8946533,125.3600006,125.9300003,122.3899994,125.2099991,30112200
06/01/2026,118.6694183,121.0500031,125.8000031,121,125.3499985,23328600
07/01/2026,116.1597595,118.4899979,120.1200027,118.2699966,119.8000031,20353000
08/01/2026,120.492836,122.9100037,123.6299973,118.6600037,118.9800034,20232700
09/01/2026,122.1594009,124.6100006,124.8600006,123.0999985,123.2300034,16137700
12/01/2026,121.5908051,124.0299988,124.5,122.5599976,124.4599991,15314900
13/01/2026,124.0514526,126.5400009,127.1399994,124.8099976,125,21619700
14/01/2026,127.6394653,130.1999969,131.7200012,127.1299973,127.3499985,27593900
15/01/2026,126.5905228,129.1300049,130.1999969,128.3000031,129.1300049,17400000
16/01/2026,127.3355713,129.8899994,130.1600037,128.8699951,128.9100037,16592400
20/01/2026,127.894371,130.4600067,131.9400024,130.0700073,131.5099945,16477300
21/01/2026,130.9824219,133.6100006,133.7299957,131.9100037,131.9100037,18879900
22/01/2026,131.0118256,133.6399994,134.1799927,131.8500061,133.0500031,16600100
23/01/2026,132.3156738,134.9700012,135.9799957,134.4799957,135.0899963,17758200
26/01/2026,132.1882324,134.8399963,136.9400024,134.1699982,136.9299927,16056100
27/01/2026,134.1390839,136.8300018,136.9299927,134.7100067,135.25,14517000
28/01/2026,134.8743439,137.5800018,138.0099945,136.6699982,137.6900024,15637300
29/01/2026,137.7467194,140.5099945,142.3399963,139.1100006,140.3200073,35760600
30/01/2026,138.6192017,141.3999939,142.2100067,137.8300018,138.7400055,29657700
02/02/2026,135.6781921,138.3999939,140.3200073,138.0599976,139.8300018,27735600
03/02/2026,140.9033813,143.7299957,145.0099945,138.3099976,138.6399994,37577800
04/02/2026,144.6874695,147.5899963,147.8399963,144.1199951,144.1199951,29426200
05/02/2026,143.2071838,146.0800018,146.7299957,143.8000031,146.5800018,18431700
06/02/2026,146.1187744,149.0500031,149.5700073,146.0899963,146.6199951,17216000
09/02/2026,148.2362823,151.2100067,151.5500031,148.6300049,149.2599945,21297300
10/02/2026,148.6088104,151.5899963,151.7799988,149.8200073,151.3500061,15800300
11/02/2026,152.5007324,155.5599976,156.9299927,153.5700073,153.9700012,23091500
12/02/2026,147.9611359,149.9299927,155.25,149.8800049,153.8899994,30652500
13/02/2026,146.5005798,148.4499969,151.6600037,147.9799957,150.5500031,20166000
17/02/2026,144.2702637,146.1900024,149.1300049,145.1499939,148.1999969,19766600
18/02/2026,148.7012939,150.6799927,150.9799957,147.6100006,148.1499939,19849700
19/02/2026,148.9874878,150.9700012,153.3800049,150.8399963,152.1999969,20305000
20/02/2026,145.3459473,147.2799988,150.8099976,146.4600067,150.4900055,25908600
23/02/2026,148.7802429,150.7599945,151.2700043,148.1300049,148.1499939,16073100
24/02/2026,147.299942,149.2599945,150.7200012,148.0299988,150.4199982,14185500
25/02/2026,147.1025696,149.0599976,150.1799927,147.3300018,149.9100037,15225700
26/02/2026,146.5894012,148.5399933,150.9600067,146.7700043,147.8099976,15632100
27/02/2026,150.4973907,152.5,153.6499939,149.25,151,30275100
02/03/2026,152.194809,154.2200012,159.6100006,153.0299988,159.3500061,31493100
03/03/2026,149.8361969,151.8300018,156.0500031,150.3000031,155.4299927,25198900
04/03/2026,147.8526001,149.8200073,151.1600037,147.8600006,150.7200012,16764800
05/03/2026,148.7802429,150.7599945,152.3300018,149.4700012,151,22969300
06/03/2026,149.22435,151.2100067,153.8000031,149.9600067,153.1499939,21136400
09/03/2026,148.4644623,150.4400024,153.8899994,149.4700012,152.0200043,25532700
10/03/2026,146.1847992,148.1300049,150.3999939,147.6999969,149.25,19617600
11/03/2026,149.5894775,151.5800018,151.8099976,147.6600037,147.9900055,15297400
12/03/2026,151.5138702,153.5299988,155,151.6300049,152.2700043,26054000
13/03/2026,154.0698547,156.1199951,156.8899994,152.9799957,154.3000031,22414100
16/03/2026,155.1652832,157.2299957,157.7799988,154.7599945,156,22835600
17/03/2026,156.7245331,158.8099976,160.4499969,156.8000031,158.25,21592200
18/03/2026,155.5205536,157.5899963,160.1799927,157.5299988,159.6600037,18947100
19/03/2026,156.0830841,158.1600037,159.5599976,154.8399963,158.2599945,27082700
20/03/2026,157.5732422,159.6699982,162.4400024,159.1000061,159.3500061,53942100
23/03/2026,159.0140839,161.1300049,161.4199982,155.0200043,156.1199951,25021300
24/03/2026,163.2082672,165.3800049,167.4799957,161.25,161.7100067,26131800
25/03/2026,161.1161041,163.2599945,165,162.9299927,163.8699951,17192300
26/03/2026,163.2575989,165.4299927,165.6799927,162.0599976,164.0899963,18625200
27/03/2026,168.7445984,170.9900055,171.2299957,164.8000031,165.5800018,30338300
30/03/2026,169.2182922,171.4700012,176.4100037,171.0500031,172.5099945,29813500
31/03/2026,167.4320526,169.6600037,174.3800049,165.9700012,172.6699982,32006700
01/04/2026,158.6686707,160.7799988,168,159.5299988,165.7700043,37927600
02/04/2026,158.5798492,160.6900024,166.8999939,159.5899963,164.4900055,25377700
06/04/2026,161.2246552,163.3699951,163.75,159.5299988,160.5700073,16344300
07/04/2026,161.7575684,163.9100037,166.2400055,161.7700043,164.2200012,25227500
08/04/2026,154.1685486,156.2200012,156.3500061,150.9799957,153.5200043,31311200
09/04/2026,153.0040283,155.0399933,159.2299957,154.3099976,156.8600006,25868400
10/04/2026,150.5072632,152.5099945,155.1199951,151.9199982,154.0399933,21065000
13/04/2026,150.6355591,152.6399994,154.6199951,151.2799988,154.2700043,18685600
14/04/2026,147.2802124,149.2400055,150.1100006,146.7200012,150.0700073,18528200
15/04/2026,147.0532227,149.0099945,150.2299957,146.8999939,148.6000061,15626500
16/04/2026,149.9842224,151.9799957,152.7799988,149.3500061,149.5299988,15191000
17/04/2026,144.516983,146.4400024,146.8000031,141.9700012,144.8600006,28947400
20/04/2026,145.7406769,147.6799927,149.3699951,146.3500061,147.3800049,16354400
21/04/2026,146.4117737,148.3600006,148.8099976,146.2400055,147.3699951,17515900
22/04/2026,147.5367889,149.5,150.6799927,148.1799927,149.3699951,13738700
23/04/2026,148.5532684,150.5299988,151.2299957,148.5,149.8500061,12970400
24/04/2026,146.9545441,148.9100037,150.3000031,146.9499969,149.6399994,13735900
27/04/2026,146.243988,148.1900024,151.1799927,147.9700012,149.1600037,13940800
28/04/2026,148.5828705,150.5599976,152.3099976,149.8300018,151.5299988,15173600
29/04/2026,152.6389008,154.6699982,154.9499969,151.0099945,152.0200043,14669100
30/04/2026,152.3033752,154.3300018,155.6900024,151.3399963,152.4299927,22885900
01/05/2026,150.7441254,152.75,155.0099945,151.1300049,152.6100006,15458200
04/05/2026,151.6717682,153.6900024,154.4700012,149.5200043,152.6699982,14238500
05/05/2026,152.8461609,154.8800049,155.2899933,152.4100037,153.1000061,12494600
06/05/2026,146.737442,148.6900024,150.3300018,147.0899963,149.0700073,20527000
07/05/2026,144.6551361,146.5800018,147.0800018,144.1900024,146.8000031,22509400
08/05/2026,142.6715393,144.5700073,146.5,143.9199982,145.8500061,19550100
11/05/2026,147.7144165,149.6799927,149.7200012,146,146.0200043,14849500
12/05/2026,148.6519623,150.6300049,151.8099976,149.7700043,151.25,16443100
13/05/2026,149.5796204,151.5700073,151.7899933,149.6799927,150.0599976,15772800
14/05/2026,150.7737122,152.7799988,153.1199951,151.2599945,151.8999939,11331500
15/05/2026,156.9040222,157.9199982,158,153,153.75,27882400
18/05/2026,159.457489,160.4900055,161.7299957,155.2299957,157.3200073,20065200
19/05/2026,161.5042419,162.5500031,163.3200073,159.6399994,161.5,20715600
20/05/2026,155.2745667,156.2799988,163.6799927,156.2700043,161.6100006,18509700
21/05/2026,154.2909393,155.2899933,159.3899994,153.4600067,158.4199982,17061700
22/05/2026,153.9233246,154.9199982,155.5500031,153.1699982,154.0299988,12948500
26/05/2026,148.8461914,149.8099976,154.5500031,149.4700012,153.5,13057800
27/05/2026,146.9484863,147.8999939,148.6900024,145.75,147.2299957,16241100
28/05/2026,146.0145416,146.9600067,150.2100067,146.8699951,149.3399963,14012500
29/05/2026,144.32547,145.2599945,146.9299927,144.7100067,146.1900024,27959900
01/06/2026,148.4189758,149.3800049,149.6499939,147,147.0200043,16732100
02/06/2026,148.5978088,149.5599976,150.8300018,148.5,149.0299988,10462400
03/06/2026,151.5487061,152.5299988,154.9100037,150.0200043,150.6100006,14373000
04/06/2026,151.0618439,152.0399933,153.4299927,150.9400024,152.0500031,11799400
05/06/2026,148.9554901,149.9199982,152.1300049,149.3000031,152.0099945,16584000
08/06/2026,150.7737122,151.75,153.8099976,150.8999939,151.1600037,13870900
09/06/2026,147.9519958,148.9100037,151.1300049,147.7799988,150.9100037,18163500
10/06/2026,149.6509857,150.6199951,152.4900055,149.5599976,151.2299957,14596500
11/06/2026,145.6568604,146.6000061,152.4900055,146.4199982,152.3000031,17285800
12/06/2026,146.064209,147.0099945,148.9100037,145.1499939,145.6300049,17713100
15/06/2026,140.0133972,140.9199982,141.9799957,137.7200012,139.7400055,23631400
16/06/2026,140.9473419,141.8600006,142.1499939,139.9799957,140.1900024,18925400
17/06/2026,139.834549,140.7400055,142.3399963,140.3200073,141.2200012,16663200
18/06/2026,136.9234009,137.8099976,138.4600067,135.8500061,138.3200073,48063400
22/06/2026,137.5791626,138.4700012,139,137.0200043,138.5399933,15783300
23/06/2026,138.8310394,139.7299957,140.3899994,138.5,139.4600067,13699400
24/06/2026,136.0192566,136.8999939,137.6399994,135.5899963,137.1199951,16212900
25/06/2026,136.6650696,137.5500031,138.0700073,134.9499969,135.6399994,13288800
26/06/2026,135.6615601,136.5399933,137.5800018,135.9199982,136.9700012,22684200
29/06/2026,135.1846619,136.0599976,137.3899994,135.3899994,136.5800018,11972700
30/06/2026,135.8404083,136.7200012,137.3000031,135.3300018,136.4799957,28784000
01/07/2026,135.403244,136.2799988,137.4900055,135.6300049,136.5299988,12433400
02/07/2026,136.2080231,137.0899963,139.1399994,136.3300018,137.1499939,13703300
06/07/2026,135.5622101,136.4400024,137.3699951,136.0099945,136.5500031,13915100
07/07/2026,140.7784424,141.6900024,141.7400055,138.1300049,138.5599976,14667800
08/07/2026,140.2220459,141.1300049,143.9900055,139.8099976,143.4400024,18291400
09/07/2026,136.5756531,137.4600067,140.0500031,137.1199951,139.6600037,14110200
10/07/2026,137.9865265,138.8800049,138.9700012,137.1399994,137.8999939,9753500
13/07/2026,143.5802917,144.5099945,145.2299957,140.4900055,140.9199982,18724300
14/07/2026,144.1565552,145.0899963,146,143.8899994,145.5099945,16096400
15/07/2026,143.5802917,144.5099945,145.0899963,142.0299988,145.0899963,13444500
16/07/2026,145.0110321,145.9499969,146.8699951,144.5500031,145.2799988,13518000
17/07/2026,146.4119568,147.3600006,150,147.1699982,149.0299988,19031400
20/07/2026,147.4055328,148.3600006,149.0899963,146.2299957,146.5,12149200
21/07/2026,150.7339783,151.7100067,151.7599945,148.4799957,149.0099945,13145300
22/07/2026,153.4563446,154.4499969,154.8000031,152.9499969,153.8600006,13788700
23/07/2026,155.8806458,156.8899994,158.5700073,156.0599976,156.6000061,15822800
24/07/2026,155.9303284,156.9400024,158.7100067,155.6799927,156.9900055,12091600
27/07/2026,153.774292,154.7700043,155.4199982,152.5,153.0700073,13955800
28/07/2026,152.0554199,153.0399933,156.1799927,151.8800049,154.1699982,16299900
29/07/2026,155.7415466,156.75,159.0700073,155.8600006,157.7200012,14571300
30/07/2026,155.960144,156.9700012,157.7799988,154.5299988,155.0899963,12578100
31/07/2026,154.4399872,155.4400024,156.1600037,152.1399994,153.7400055,15714200
03/08/2026,154.0624237,155.0599976,155.9100037,152.6499939,153.4600067,14532800
04/08/2026,152.9695129,153.9600067,154.8399963,149.0899963,151.6199951,14347900
05/08/2026,150.6544952,151.6300049,155.0399933,151.1499939,155.0399933,12227500
06/08/2026,153.8438416,154.8399963,154.8699951,151.8399963,154.2200012,11879100
07/08/2026,152.0554199,153.0399933,153.6699982,151.5299988,152.6399994,18455200
10/08/2026,158.7619934,159.7899933,160.3699951,154.4499969,154.5,19761600
11/08/2026,158.7719269,159.8000031,161.6699982,159.2700043,159.6600037,13744500
12/08/2026,158.7222443,159.75,160.2299957,157.5599976,158.5500031,13219500
13/08/2026,157.5895844,158.6100006,159.7599945,157.4299927,158.0299988,10542800
14/08/2026,159.0700073,160.1000061,161.2599945,159.25,159.7100067,10231300
17/08/2026,161.4600067,161.4600067,162.5099945,159.0899963,160.1000061,12858100
18/08/2026,165.5599976,165.5599976,165.6699982,163.25,164.3500061,18952700
19/08/2026,164.7700043,164.7700043,168.2100067,164.6600037,166.0700073,13648900
20/08/2026,166.1499939,166.1499939,168.6399994,166.0700073,167.0200043,13803000
21/08/2026,165.1100006,165.1100006,168,164.6100006,166.5399933,14300700